post_id,text
10162596903039988,"[['finke', 'desert', 'race', 'australia', 'tough', 'race', 'annual', 'event', 'occur', 'queen', 'birthday', 'long', 'weekend', 'june'], ['finke', 'desert', 'race', 'blow', 'victorian', 'whole', 'state', 'declare', 'hotspot', 'hundred', 'competitor', 'volunteer', 'attend', 'first', 'finke', 'desert', 'race', 'year', 'thanks', 'recent', 'victorian', 'outbreak', 'see', 'great', 'melbourne', 'plunge', 'fourth', 'lockdown']]"
10162596831079988,"[['victoria', 'battle', 'covid', 'multiple', 'front'], ['live', 'melbourne', 'office', 'building', 'costco', 'add', 'exposure', 'sit', 'investigation', 'continue', 'source', 'delta', 'variant', 'infection', 'health', 'authority', 'state', 'still', 'try', 'determine', 'family', 'holiday', 'new', 'south', 'wale', 'south', 'coast', 'test', 'positive', 'delta', 'variant', 'virus'], ['follow', 'live']]"
10162596765544988,"[['collins', 'street', 'office', 'building', 'melbourne', 'cbd', 'supermarket', 'docklands', 'add', 'victoria', 'list', 'covid', 'exposure', 'site', 'stand'], ['melbourne', 'cbd', 'office', 'building', 'exposure', 'site', 'EX', 'still', 'location', 'list', 'exposure', 'sit', 'victoria', 'even', 'venue', 'remove', 'case', 'deem', 'false', 'positive', 'earlier', 'week']]"
10162596753424988,"[['sudden', 'hear', 'roar', 'morning', 'think', 'UH'], ['go', 'back', 'house', 'surround', 'water'], ['tsunami', 'flood', 'disaster', 'town', 'never', 'forget', 'year', 'devastate', 'floodwaters', 'wash', 'tasmanian', 'town', 'latrobe'], ['number', 'measure', 'prevent', 'similar', 'event', 'today', 'yet', 'implement']]"
10162596733979988,"[['eligible', 'avoid', 'wait', 'time'], ['heres', 'guide', 'queensland', 'covid', 'vaccine', 'hub'], ['new', 'covid', 'vaccine', 'hub', 'open', 'queensland', 'weekend', 'heres', 'get', 'jab', 'vaccine', 'hub', 'open', 'queensland', 'weekend', 'people', 'look', 'get', 'first', 'jab'], ['find', 'eligible', 'get', 'first', 'dose']]"
10162596710079988,"[[], ['new', 'case', 'link'], ['victoria', 'battle', 'covid', 'multiple', 'front'], ['thing', 'watch', 'victoria', 'coronavirus', 'outbreak', 'take', 'concern', 'turn', 'authority', 'fight', 'kappa', 'delta', 'variant']]"
10162594346794988,"[['hope', 'heartbreak', 'month', 'kangaroo', 'island', 'devastate', 'deadly', 'bushfires', 'month', 'ago'], ['mean', 'lose', 'house', 'livelihood', 'love', 'one'], ['region', 'finally', 'heal', 'community'], ['hope', 'heartbreak', 'month', 'kangaroo', 'island', 'devastate', 'deadly', 'bushfires', 'month', 'ago'], ['play', 'video']]"
10162596581899988,"[['junior', 'afl', 'club', 'queensland', 'take', 'drastic', 'step', 'ban', 'parent', 'sideline', 'spate', 'clash', 'spectator', 'teenage', 'umpire', 'volunteer'], ['parent', 'ban', 'sideline', 'gold', 'coast', 'junior', 'afl', 'game']]"
10162596574399988,"[['apathy', 'strength', 'complacency', 'commitment', 'weve', 'see', 'side', 'pandemic', 'response', 'week', 'write', 'virginia', 'trioli'], ['analysis', 'lockdown', 'new', 'variant', 'vaccine', 'shamble', 'hang', 'thread', 'week']]"
10162596569159988,"[['pandemic', 'saw', 'remote', 'east', 'kimberley', 'effectively', 'cut', 'rest', 'australia', 'protect', 'vulnerable', 'indigenous', 'population'], ['sign', 'life', 'return', 'lesson', 'resilience', 'abound'], ['always', 'dark', 'dawn', 'road', 'covid', 'recovery']]"
10162593113174988,"[['really', 'cherish', 'time', 'second', 'daughter'], ['definitely', 'feel', 'get', 'bond', 'lot'], ['abc', 'everyday', 'really', 'cherish', 'time', 'second', 'daughter'], ['abc', 'everyday', 'tarun', 'wish', 'hed', 'take', 'parental', 'leave', 'first', 'baby', 'tarun', 'rajan', 'take', 'advantage', 'employer', 'generous', 'pay', 'parental', 'leave', 'scheme', 'glad'], ['regret', 'didnt', 'know', 'first', 'child', 'bear']]"
10162596423219988,"[['know', 'little', 'mysterious', 'planetary', 'neighbour'], ['newly', 'announce', 'mission', 'venus', 'aim', 'find'], ['nasa', 'suddenly', 'keen', 'venus'], ['reason']]"
10162596421924988,"[['climber', 'claim', 'achieve', 'stunning', 'feat', 'climb', 'peak', 'world', 'high', 'mountain'], ['australian', 'damien', 'gildea', 'say', 'theres', 'question', 'mark', 'almost'], ['climber', 'claim', 'reach', 'world', 'high', 'peak'], ['really', 'get']]"
10162596420089988,"[['claimant', 'continue', 'line', 'payout', 'successful', 'class', 'action', 'federal', 'government', 'live', 'export', 'ban', 'seem', 'likely', 'soar', 'well', 'initial', 'estimate'], ['government', 'unlawful', 'live', 'export', 'ban', 'set', 'cost', 'cattle', 'producer', 'rally', 'class', 'action']]"
10162596417319988,"[['showpiece', 'event', 'looming', 'game', 'rugby', 'league', 'face', 'existential', 'threat', 'level', 'physicality', 'health', 'player'], ['analysis', 'rugby', 'league', 'face', 'existential', 'crisis']]"
10162596414999988,"[['social', 'medium', 'company', 'plan', 'review', 'ban', 'end', 'year', 'end', 'policy', 'politician', 'exempt', 'hate', 'speech', 'rule'], ['facebook', 'ban', 'donald', 'trump', 'year', 'public', 'safety']]"
10162596413329988,"[['reserve', 'bank', 'throw', 'everything', 'boost', 'wage', 'inflation', 'seem', 'achieve', 'surge', 'asset', 'price', 'far', 'widen', 'gap'], ['analysis', 'future', 'pay', 'rise', 'destine', 'pocket', 'investor']]"
10162596412019988,"[['public', 'housing', 'tower', 'resident', 'endure', 'nation', 'harsh', 'hard', 'lockdown', 'last', 'year', 'say', 'concerned', 'enough', 'victorian', 'authority', 'support', 'community', 'melbourne', 'outbreak'], ['public', 'housing', 'resident', 'threaten', 'delta', 'cluster', 'call', 'increase', 'tower', 'cleaning']]"
10162596410434988,"[['chinese', 'authority', 'push', 'urban', 'couple', 'child', 'boost', 'country', 'ail', 'fertility', 'rate', 'young', 'people', 'counter', 'lifestyle', 'centre', 'minimise', 'spending', 'work', 'socialise'], ['china', 'want', 'baby', 'young', 'people', 'lie', 'flat']]"
10162596409349988,"[['naomi', 'moran', 'leave', 'high', 'school', 'work', 'indigenous', 'medium'], ['shes', 'manager', 'koori', 'mail', 'chair', 'peak', 'body', 'indigenous', 'broadcasting', 'medium', 'communication'], ['naomi', 'indigenous', 'medias', 'important', 'voice'], ['heres', 'want', 'empower', 'young', 'woman']]"
10162596408014988,"[['year', 'fire', 'rip', 'grenfell', 'tower', 'london', 'june', 'claim', 'life', 'EX', 'fresh', 'fear', 'opaque', 'nature', 'australia', 'build', 'product', 'safety', 'approval', 'process'], ['could', 'grenfell', 'tower', 'disaster', 'happen', 'australia'], ['politician', 'fear', 'way', 'properly', 'check']]"
10162596404899988,"[['bias', 'ramadhan', 'receive', 'call', 'separate', 'law', 'firm', 'offer', 'sue', 'behalf', 'mother', 'die', 'lion', 'air', 'plane', 'crash'], ['year', 'later', 'sue', 'get', 'money', 'owe', 'settlement'], ['plane', 'crash', 'real', 'housewife', 'missing', 'million', 'indonesian', 'family', 'claim', 'la', 'lawyer', 'embezzle', 'money']]"
10162596403349988,"[['last', 'fortnight', 'hardly', 'consistent', 'morrison', 'strategy', 'win', 'election', 'base', 'excellent', 'management', 'pandemic', 'write', 'laura', 'tingle'], ['analysis', 'picture', 'emerge', 'morrison', 'government', 'late', 'party', 'control']]"
10162596401499988,"[['government', 'say', 'housing', 'always', 'support', 'last', 'budget', 'bold', 'claim', 'write', 'yogi', 'vidyattama', 'john', 'hawkins'], ['analysis', 'looking', 'buy', 'house'], ['heres', 'government', 'make', 'possible', 'hint', 'much']]"
10162594878674988,"[['global', 'food', 'price', 'high', 'level', 'nearly', 'decade', 'may', 'soar', 'cent', 'cost', 'year', 'ago', 'un', 'food', 'agriculture', 'organization', 'say'], ['un', 'say', 'global', 'food', 'price', 'reach', 'high', 'mark', 'decade', 'un', 'food', 'agriculture', 'organization', 'say', 'global', 'food', 'price', 'high', 'level', 'nearly', 'decade', 'may', 'soar', 'cent', 'cost', 'year', 'ago']]"
10162593589789988,"[['comfort', 'tough', 'covid', 'joshua', 'coombes', 'begin', 'offer', 'haircut', 'street', 'london', 'transformative', 'stranger', 'meet', 'also', 'former', 'hairdresser'], ['comfort', 'tough', 'covid', 'joshua', 'coombes', 'begin', 'offer', 'haircut', 'street', 'london', 'transformative', 'stranger', 'meet', 'also', 'former', 'hairdresser'], ['play', 'video']]"
10162594580719988,"[['delta', 'variant', 'coronavirus', 'associate', 'india', 'uk', 'know', 'infectious', 'strain', 'pick', 'victoria', 'genomic', 'sequencing'], ['know', 'highly', 'infectious', 'delta', 'covid', 'variant']]"
10162594333394988,"[['state', 'territory', 'leader', 'meet', 'today', 'national', 'cabinet', 'discuss', 'everything', 'age', 'care', 'worker', 'force', 'get', 'vaccine', 'expand', 'rollout', 'people'], ['miss', 'pm', 'late', 'press', 'conference'], ['catch', 'key', 'moment', 'state', 'territory', 'leader', 'meet', 'today', 'national', 'cabinet', 'discuss', 'everything', 'age', 'care', 'worker', 'force', 'get', 'vaccine', 'expand', 'rollout', 'people']]"
10162594218594988,"[['us', 'intelligence', 'official', 'find', 'evidence', 'series', 'unidentified', 'aerial', 'phenomenon', 'observe', 'navy', 'aviator', 'recent', 'year', 'alien', 'spacecraft', 'sighting', 'remain', 'unexplained', 'highly', 'anticipated', 'government', 'report'], ['china', 'russia', 'alien'], ['unidentified', 'aerial', 'sighting', 'remain', 'mystery', 'us', 'intelligence', 'u', 'intelligence', 'official', 'find', 'evidence', 'series', 'unidentified', 'aerial', 'phenomenon', 'observe', 'navy', 'aviator', 'recent', 'year', 'alien', 'spacecraft', 'sighting', 'remain', 'unexplained', 'highly', 'anticipated', 'government', 'report']]"
10162594091314988,"[['think', 'organise', 'need', 'get', 'communication', 'right', 'get', 'say'], ['get', 'confusion', 'lack', 'communciation', 'ahead', 'queensland', 'weekend', 'mass', 'vaccination', 'gabrielle', 'bright', 'mean', 'front', 'queue', 'queensland', 'POS', 'vaccination', 'hub', 'disability', 'support', 'worker', 'idea', 'happen', 'weekend']]"
10162594032659988,"[['itch', 'get', 'western', 'australia', 'nervous', 'book', 'flight'], ['youre', 'alone'], ['point', 'book', 'interstate', 'holiday', 'wa'], ['west', 'australian', 'border', 'ping', 'open', 'shut', 'various', 'state', 'different', 'time', 'recent', 'month', 'easy', 'confuse', 'travel', 'risk']]"
10162593912604988,"[['day', 'melbourne', 'fourth', 'lockdown', 'anna', 'plum', 'full', 'audit', 'kitchen', 'see', 'enough', 'food', 'fee', 'family'], ['family', 'survive', 'lockdown', 'stranger', 'twitter', 'victoria', 'go', 'lockdown', 'anna', 'tweet', 'fear', 'able', 'keep', 'food', 'table', 'roof', 'overhead', 'kid'], ['within', 'hour', 'overwhelm', 'offer', 'assistance']]"
10162593881264988,"[['federal', 'government', 'fund', 'construction', 'quarantine', 'hub', 'victoria', 'site', 'facility', 'yet', 'choose'], ['new', 'quarantine', 'hub', 'build', 'victoria', 'site', 'yet', 'confirm', 'victorian', 'government', 'commonwealth', 'reach', 'deal', 'quarantine', 'facility', 'mickleham', 'avalon']]"
10162593851479988,"[['vaccination', 'hub', 'available', 'participant', 'national', 'disability', 'insurance', 'scheme', 'well', 'primary', 'carers'], ['dedicated', 'hub', 'vaccinate', 'ndis', 'user', 'covid', 'people', 'disability', 'access', 'dedicate', 'vaccine', 'hub', 'federal', 'government', 'move', 'accelerate', 'rollout', 'sector']]"
10162593822024988,"[['doctor', 'australia', 'report', 'diagnose', 'treat', 'depression', 'accord', 'national', 'mental', 'health', 'survey', 'doctor', 'medical', 'student'], ['doctor', 'country', 'wear', 'mismatch', 'sock'], ['ronelle', 'andrew', 'say', 'shes', 'struggle', 'anxiety', 'several', 'time', 'medical', 'career'], ['today', 'join', 'doctor', 'australia', 'bright', 'fun', 'sock', 'raise', 'awareness', 'mental', 'health', 'challenge', 'medical', 'professional']]"
10162593797419988,"[['mother', 'never', 'allow', 'speak', 'presence', 'male'], ['escape', 'art', 'provide', 'solace', 'suffer', 'mental', 'health', 'issue', 'new', 'program', 'aim', 'highlight', 'mental', 'health', 'challenge', 'face', 'artist', 'art', 'use', 'coping', 'mechanism']]"
10162593770164988,"[['chinas', 'leader', 'xi', 'jinping', 'seek', 'rein', 'unruly', 'element', 'china', 'wolf', 'diplomacy', 'write', 'bill', 'birtles'], ['analysis', 'xi', 'jinping', 'want', 'change', 'way', 'china', 'see', 'world', 'several', 'year', 'noticeably', 'assertive', 'shift', 'china', 'diplomatic', 'medium', 'tone', 'xi', 'jinping', 'drop', 'first', 'hint', 'countrys', 'confrontational', 'style', 'need', 'adjustment', 'write', 'bill', 'birtles']]"
10162593734574988,"[['victoria', 'record', 'new', 'locally', 'acquire', 'case', 'take', 'state', 'outbreak'], ['early', 'end', 'melbourne', 'lockdown', 'plan', 'victoria', 'record', 'new', 'local', 'covid', 'case', 'act', 'premier', 'james', 'merlino', 'hose', 'expectation', 'lockdown', 'lift', 'early', 'light', 'false', 'positive', 'reveal', 'last', 'night']]"
4611260688893544,"[['authority', 'race', 'determine', 'victorian', 'family', 'contract', 'delta', 'variant', 'virus', 'first', 'detect', 'india', 'different', 'kappa', 'variant', 'spark', 'state', 'late', 'outbreak'], ['victoria', 'record', 'new', 'local', 'case', 'coronavirus', 'scramble', 'find', 'source', 'delta', 'variant', 'authority', 'race', 'determine', 'victorian', 'family', 'contract', 'delta', 'variant', 'virus', 'first', 'detect', 'india', 'different', 'kappa', 'strain', 'spark', 'state', 'late', 'outbreak']]"
4611044175581862,"[['beautiful', 'bunch', 'give', 'training', 'job', 'opportunity', 'woman', 'migrant', 'refugee', 'background'], ['work', 'opportunity', 'many', 'young', 'woman'], ['staff', 'unique', 'melbourne', 'flower', 'shop', 'grateful', 'remain', 'open', 'lockdown', 'social', 'enterprise', 'beautiful', 'bunch', 'employ', 'woman', 'migrant', 'refugee', 'background'], ['time', 'many', 'struggle', 'find', 'work', 'woman', 'remain', 'employed', 'able', 'deliver', 'flower', 'people', 'love', 'one']]"
4610963798923233,"[['facebook', 'also', 'say', 'longer', 'give', 'politician', 'blanket', 'immunity', 'deceptive', 'abusive', 'content', 'social', 'network', 'base', 'comment', 'newsworthy'], ['citing', 'public', 'safety', 'risk', 'facebook', 'say', 'donald', 'trump', 'suspend', 'platform', 'least', 'year', 'facebook', 'suspend', 'former', 'u', 'president', 'donald', 'trump', 'least', 'january', 'announce', 'change', 'treat', 'world', 'leader', 'break', 'company', 'rule', 'posting', 'site']]"
4609356892417257,"[['ten', 'thousand', 'usually', 'gather', 'victoria', 'park', 'commemorate', 'china', 'crackdown', 'protest', 'tiananmen', 'square'], ['second', 'year', 'police', 'ban', 'vigil', 'cite'], ['hong', 'kong', 'police', 'cordon', 'annual', 'tiananmen', 'vigil', 'site', 'arrest', 'organiser', 'anniversary', 'thousand', 'officer', 'expect', 'patrol', 'citys', 'street', 'friday', 'prevent', 'gathering', 'people', 'light', 'candle', 'protester', 'kill', 'chinese', 'troop', 'beijing', 'year', 'ago']]"
4609191125767167,"[['labor', 'describe', 'leaked', 'strategy', 'evidence', 'government', 'attempt', 'steamroll', 'controversial', 'independent', 'assessment', 'fake', 'consultation'], ['linda', 'reynolds', 'defend', 'controversial', 'leak', 'ndis', 'independent', 'assessment', 'market', 'strategy', 'labor', 'describe', 'leaked', 'strategy', 'evidence', 'government', 'attempt', 'steamroll', 'controversial', 'independent', 'assessment', 'ndis', 'fake', 'community', 'consultation']]"
4608843839135229,"[['main', 'impact', 'hotline', 'increase', 'stress', 'anxiety', 'people', 'already', 'hard', 'time', 'look', 'paid', 'work', 'struggle', 'survive', 'day'], ['welfare', 'group', 'outrage', 'stuart', 'robert', 'spruiks', 'new', 'dobseeker', 'figure', 'people', 'dobbed', 'hotline', 'still', 'investigation', 'review', 'complete', 'compliance', 'action', 'take']]"
4608774465808833,"[['prime', 'minister', 'hit', 'abc', 'four', 'corner', 'program', 'unaired', 'episode', 'reportedly', 'link', 'supporter', 'qanon', 'conspiracy', 'theory'], ['pm', 'scott', 'morrison', 'reject', 'deeply', 'offensive', 'report', 'link', 'qanon', 'prime', 'minister', 'scott', 'morrison', 'hit', 'abc', 'four', 'corner', 'program', 'unaired', 'episode', 'reportedly', 'link', 'supporter', 'qanon', 'conspiracy', 'theory']]"
4608285065857773,"[['cargo', 'ship', 'sink', 'coast', 'sri', 'lanka', 'potentially', 'spill', 'tonne', 'fuel', 'cause', 'country', 'environmental', 'disaster'], ['play', 'video']]"
4608627115823568,"[['minister', 'ndis', 'linda', 'reynolds', 'issue', 'unreserved', 'apology', 'family', 'tell', 'breach', 'happen'], ['ndia', 'leak', 'personal', 'detail', 'abusive'], ['launch', 'investigation', 'minister', 'national', 'disability', 'insurance', 'scheme', 'linda', 'reynolds', 'issue', 'unreserved', 'apology', 'family', 'tell', 'breach', 'happen']]"
4608472305839049,"[['people', 'kill', 'jewish', 'festival', 'shavuot'], ['year', 'later', 'survivor', 'hop', 'story', 'inspire', 'kindness'], ['eighty', 'year', 'iraq', 'deadly', 'farhud', 'riot', 'survivor', 'still', 'hop', 'peace', 'around', 'people', 'kill', 'jewish', 'festival', 'shavuot']]"
4608471622505784,"[['scott', 'morrison', 'announce', 'national', 'cabinet', 'agree', 'disposition', 'towards', 'require', 'age', 'care', 'worker', 'mandatory', 'vaccination'], ['leader', 'lean', 'towards', 'mandatory', 'vaccination', 'age', 'care', 'worker', 'prime', 'minister', 'scott', 'morrison', 'announce', 'national', 'cabinet', 'agree', 'disposition', 'towards', 'require', 'age', 'care', 'worker', 'mandatory', 'vaccination']]"
998329427573813,"[['prime', 'minister', 'scott', 'morrison', 'speak', 'canberra', 'follow', 'national', 'cabinet', 'meeting', 'victorian', 'lockdown'], ['play', 'video']]"
4608403622512584,"[['health', 'authority', 'alert', 'new', 'variant', 'turn', 'victoria', 'outbreak'], ['remain', 'unclear', 'family', 'infect', 'variant'], ['new', 'variant', 'significant', 'concern', 'local', 'case', 'emerge', 'victoria', 'victoria', 'record', 'new', 'virus', 'case', 'authority', 'confirm', 'detection', 'new', 'variant', 'state', 'outbreak']]"
4608165479203065,"[['hill', 'rubble', 'palestinian', 'sit', 'makeshift', 'tent', 'beit', 'hanoun', 'house', 'stand', 'israeli', 'airstrikes', 'take', 'palestinian', 'start', 'return', 'town', 'ceasefire', 'come', 'effect', 'may'], ['day', 'fight', 'israel', 'militant', 'gaza', 'least', 'palestinian', 'israeli', 'gaza', 'grip', 'humanitarian', 'crisis'], ['PDT', 'already', 'live', 'poverty', 'line', 'fighting', 'break', 'bad', 'situation', 'become', 'getty', 'image', 'aap', 'hill', 'rubble', 'palestinian', 'sit', 'makeshift', 'tent', 'beit', 'hanoun', 'house', 'stand', 'israeli', 'airstrikes', 'take', 'palestinian', 'start', 'return', 'town', 'ceasefire', 'come', 'effect', 'may'], ['PDT', 'already', 'live', 'poverty', 'line', 'fighting', 'break', 'bad', 'situation', 'become', 'getty', 'image', 'aap']]"
4608273169192296,"[['teenager', 'slam', 'state', 'decision', 'ban', 'abortion', 'week', 'call', 'dehumanise', 'war', 'woman', 'right', 'defiant', 'high', 'school', 'graduation', 'speech'], ['texas', 'valedictorian', 'take', 'aim', 'new', 'abortion', 'law', 'viral', 'speech', 'paxton', 'speech', 'go', 'viral', 'take', 'aim', 'banning', 'abortion', 'week', 'tell', 'classmate', 'autonomy', 'body', 'take']]"
4608215002531446,"[['leader', 'naftali', 'bennett', 'secular', 'centrist', 'yair', 'lapid', 'form', 'coalition', 'unite', 'desire', 'topple', 'longstanding', 'benjamin', 'netanyahu'], ['deal', 'see', 'pair', 'alternate', 'leadership', 'time', 'office'], ['israel', 'eye', 'end', 'era', 'benjamin', 'netanyahu', 'foe', 'strike', 'deal', 'unseat', 'israeli', 'prime', 'minister', 'scorn', 'dangerous', 'coalition', 'cobble', 'together', 'rival', 'unseat']]"
317553223160661,"[['victorian', 'health', 'authority', 'provide', 'update', 'federal', 'government', 'agree', 'support', 'state', 'proposal', 'dedicated', 'quarantine', 'facility'], ['play', 'video']]"
4608099932542953,"[['chinese', 'government', 'brutal', 'crackdown', 'protester', 'ten', 'thousand', 'student', 'scholar', 'flee', 'australia', 'drive', 'change', 'never', 'leave'], ['sbs中文', 'chinese', 'government', 'brutal', 'crackdown', 'protester', 'ten', 'thousand', 'student', 'scholar', 'flee', 'australia', 'drive', 'change', 'never', 'leave'], ['sbs中文', 'father', 'daughter', 'continue', 'push', 'year', 'tiananmen', 'chinese', 'government', 'brutal', 'crackdown', 'protester', 'ten', 'thousand', 'student', 'scholar', 'flee', 'australia'], ['child', 'similar', 'age', 'parent', 'first', 'arrive'], ['exile', 'academic', 'chongyi', 'feng', 'daughter', 'yunsi', 'reflect', 'tiana']]"
4608082772544669,"[['expert', 'say', 'asean', 'diplomacy', 'effort', 'dead', 'arrival'], ['asean', 'envoys', 'arrive', 'myanmar', 'talk', 'junta', 'chief', 'asean', 'lead', 'diplomatic', 'effort', 'resolve', 'crisis', 'myanmar', 'observer', 'question', 'effectively', 'influence', 'event', 'country']]"
4608031025883177,"[['victoria', 'act', 'premier', 'say', 'dedicated', 'quarantine', 'facility', 'similar', 'howard', 'spring', 'facility', 'darwin', 'offer', 'safer', 'alternative', 'hotel', 'quarantine'], ['victoria', 'record', 'new', 'local', 'case', 'state', 'commonwealth', 'reach', 'quarantine', 'facility', 'deal', 'victoria', 'act', 'premier', 'say', 'dedicated', 'quarantine', 'facility', 'similar', 'howard', 'spring', 'facility', 'darwin', 'offer', 'safer', 'alternative', 'hotel', 'quarantine']]"
4607830525903227,"[['much', 'need', 'rain', 'last', 'year', 'nsw', 'rice', 'farmer', 'robert', 'andreazza', 'hop', 'next', 'harvest', 'come', 'time', 'high', 'last'], ['notice', 'mouse', 'paddock'], ['australia', 'rice', 'farmer', 'count', 'huge', 'harvest'], ['mouse', 'arrive', 'farmer', 'riverina', 'region', 'new', 'south', 'wale', 'celebrate', 'bumper', 'rice', 'harvest'], ['mouse', 'plague', 'raise', 'fear', 'region', 'revival']]"
4607828332570113,"[['nanaia', 'mahuta', 'say', 'new', 'zealand', 'remain', 'predictable', 'consistent', 'relation', 'china', 'backdrop', 'tense', 'geopolitical', 'environment', 'region'], ['new', 'foreign', 'minister', 'downplay', 'possibility', 'economic', 'coercion', 'china', 'new', 'zealand', 'foreign', 'minister', 'nanaia', 'mahuta', 'tell', 'sb', 'news', 'country', 'respectful', 'relationship', 'china', 'EX', 'area', 'country', 'disagree']]"
4607793225906957,"[['hong', 'kongers', 'seek', 'innovative', 'way', 'commemorate', 'victim', 'china', 'deadly', 'tiananmen', 'square', 'crackdown', 'authority', 'ban', 'annual', 'vigil', 'vow', 'stamp', 'protest', 'come', 'friday', 'anniversary'], ['hong', 'kongers', 'seek', 'creative', 'way', 'mark', 'tiananmen', 'anniversary', 'vigil', 'ban', 'human', 'right', 'group', 'amnesty', 'international', 'say', 'people', 'hong', 'kong', 'punish', 'peacefully', 'pay', 'respect', 'kill', 'tiananmen', 'square', 'protest', 'june']]"
4606215189398094,"[['graduate', 'u', 'wilberforce', 'university', 'cheer', 'dance', 'tell', 'PDT', 'student', 'debt', 'forgive', 'graduation', 'ceremony'], ['play', 'video']]"
4606305479389065,"[['find', 'good', 'country'], ['im', 'quite', 'certain', 'return'], ['india', 'high', 'commissioner', 'confident', 'travel', 'ban', 'hasnt', 'turn', 'international', 'student', 'australia', 'india', 'high', 'commissioner', 'australia', 'say', 'student', 'invest', 'australia', 'return', 'promising', 'sign', 'country', 'high', 'education', 'sector']]"
4606169396069340,"[['see', 'happen', 'juukan', 'gorge', 'community', 'expect', 'well', 'come', 'protection', 'priceless', 'irreplaceable', 'aboriginal', 'heritage'], ['wa', 'gas', 'project', 'threaten', 'indigenous', 'rock', 'art', 'produce', 'pollution', 'adani', 'environmentalists', 'warn', 'environmentalist', 'make', 'rally', 'woodsides', 'scarborough', 'gas', 'proposal', 'say', 'produce', 'great', 'pollution', 'adani', 'coal', 'mine']]"
4606064829413130,"[['yes', 'enthusiastic', 'maybe', 'even'], ['womens', 'safety', 'advocate', 'say', 'federal', 'government', 'online', 'resource', 'teach', 'student', 'sexual', 'consent', 'remain', 'litter', 'harmful', 'contradictory', 'advice'], ['harmful', 'content', 'remain', 'website', 'controversial', 'milkshake', 'consent', 'video', 'safety', 'group', 'say', 'EX', 'concern', 'harmful', 'language', 'contradictory', 'statement', 'sexual', 'consent', 'remain', 'government', 'online', 'resource', 'federal', 'department', 'responsible', 'insist', 'site', 'content', 'review']]"
4605978056088474,"[['foreign', 'minister', 'marise', 'payne', 'say', 'australia', 'impose', 'sanction', 'myanmar', 'military', 'leadership', 'move', 'restrict', 'national', 'influence'], ['marise', 'payne', 'defend', 'australia', 'refusal', 'impose', 'sanction', 'myanmar', 'coup', 'australia', 'resist', 'global', 'pressure', 'impose', 'sanction', 'military', 'junta', 'myanmar', 'violent', 'coup', 'major', 'ally', 'punish', 'regime']]"
4605902616096018,"[['victorian', 'government', 'receive', 'agreement', 'federal', 'government', 'plan', 'build', 'dedicated', 'quarantine', 'facility', 'state'], ['new', 'case', 'record', 'victoria', 'federal', 'government', 'quarantine', 'facility', 'victorian', 'government', 'receive', 'memorandum', 'understand', 'federal', 'government', 'plan', 'build', 'dedicated', 'quarantine', 'facility', 'state']]"
4605611579458455,"[['prime', 'minister', 'scott', 'morrison', 'announce', 'payment', 'week', 'people', 'catch', 'lockdown', 'lockdown', 'day', 'row'], ['play', 'video']]"
4605468456139434,"[['u', 'high', 'school', 'valedictorian', 'ditch', 'high', 'school', 'graduation', 'speech', 'instead', 'passionately', 'criticised', 'texas', 'controversial', 'new', 'ban', 'abortion'], ['play', 'video']]"
4605649026121377,"[['social', 'service', 'minister', 'apologise', 'child', 'abuse', 'survivor', 'private', 'detail', 'address', 'phone', 'number', 'bank', 'detail', 'upload', 'someone', 'el', 'mygov', 'account'], ['minister', 'apologise', 'child', 'abuse', 'survivor', 'detail', 'share', 'major', 'security', 'breach', 'social', 'service', 'minister', 'department', 'apologise', 'major', 'security', 'breach', 'abuse', 'survivor', 'detail', 'share', 'stranger']]"
4605290589490554,"[['june', 'mark', 'year', 'resident', 'mascot', 'tower', 'tell', 'evacuate', 'structural', 'concern'], ['owner', 'attempt', 'recoup', 'loss', 'year', 'mascot', 'tower', 'evacuation', 'mascot', 'tower', 'debacle', 'hundred', 'apartment', 'owner', 'force', 'evacuate', 'building', 'lead', 'raft', 'legislative', 'change', 'yet', 'unit', 'owner', 'say', 'leave', 'forgotten'], ['many', 'silent', 'come', 'forward', 'ahead', 'vote', 'decide', 'future', 'la']]"
4605282292824717,"[['figure', 'reveal', 'senate', 'estimate', 'labor', 'senator', 'penny', 'wong', 'scold', 'federal', 'government', 'failure', 'establish', 'quarantine', 'facility', 'return', 'australian', 'home'], ['australian', 'child', 'remain', 'stuck', 'india', 'figure', 'reveal', 'senate', 'estimate', 'labor', 'senator', 'penny', 'wong', 'scold', 'federal', 'government', 'failure', 'establish', 'quarantine', 'facility', 'return', 'australian', 'home']]"
4605430872809859,"[['australian', 'endure', 'coronavirus', 'lockdown', 'day', 'row', 'eligible', 'new', 'support', 'payment'], ['melburnians', 'struggle', 'covid', 'lockdown', 'eligible', 'payment', 'week', 'federal', 'government', 'announce', 'new', 'financial', 'support', 'measure', 'region', 'day', 'row']]"
4605243816161898,"[['canada', 'indigenous', 'service', 'minister', 'say', 'shameful', 'pope', 'never', 'formally', 'apologise', 'abuse', 'countrys', 'indigenous', 'residential', 'school', 'term', 'labour', 'camp'], ['canadian', 'politician', 'support', 'call', 'papal', 'apology', 'abuse', 'indigenous', 'school', 'canada', 'indigenous', 'service', 'minister', 'support', 'grow', 'call', 'papal', 'apology', 'abuse', 'indigenous', 'residential', 'school', 'remains', 'child', 'find', 'unmarked', 'graf', 'school']]"
473785593921368,"[['prime', 'minister', 'scott', 'morrison', 'treasurer', 'josh', 'frydenberg', 'announce', 'emergency', 'support', 'victorian', 'lockdown'], ['play', 'video']]"
4605118892841057,"[['former', 'police', 'officer', 'lawyer', 'claim', 'guilty', 'error', 'make', 'good', 'faith'], ['derek', 'chauvin', 'seek', 'sentence', 'time', 'serve', 'probation', 'george', 'floyds', 'murder', 'officer', 'capture', 'video', 'kneel', 'neck', 'unarmed', 'black', 'man', 'george', 'floyd', 'minute', 'pass', 'die', 'ignore', 'victim', 'pleas', 'air', 'help']]"
4470357926345343,"[['victoria', 'record', 'new', 'local', 'case', 'coronavirus', 'take', 'outbreak', 'total'], ['test', 'result', 'received', 'overnight'], ['detail', 'http', 'nightly', 'victoria', 'record', 'new', 'local', 'case', 'coronavirus', 'take', 'outbreak', 'total'], ['detail', 'http', 'nightly']]"
4470320183015784,"[['police', 'perth', 'manage', 'arrest', 'man', 'follow', 'nearly', 'manhunt', 'city', 'allegedly', 'go', 'relentless', 'rampage', 'yesterday'], ['nightly', 'police', 'perth', 'manage', 'arrest', 'man', 'follow', 'nearly', 'manhunt', 'city', 'allegedly', 'go', 'relentless', 'rampage', 'yesterday'], ['nightly', 'perth', 'man', 'arrest', 'relentless', 'rampage', 'spark', 'police', 'manhunt']]"
4470233286357807,"[['melbourne', 'top', 'restaurant', 'lose', 'combined', 'dollar', 'week', 'lockdown', 'owner', 'city', 'iconic', 'venue', 'come', 'together', 'issue', 'warning'], ['nightly', 'melbourne', 'top', 'restaurant', 'lose', 'combined', 'dollar', 'week', 'lockdown', 'owner', 'city', 'iconic', 'venue', 'come', 'together', 'issue', 'warning'], ['nightly', 'play', 'video']]"
4470219293025873,"[['driver', 'charge', 'high', 'range', 'drink', 'driving', 'allegedly', 'crash', 'car', 'front', 'bedroom', 'sydney', 'home', 'overnight'], ['detail', 'http', 'nightly', 'driver', 'charge', 'high', 'range', 'drink', 'driving', 'allegedly', 'crash', 'car', 'front', 'bedroom', 'sydney', 'home', 'overnight'], ['detail', 'http', 'nightly']]"
4470201453027657,"[['several', 'state', 'brace', 'cold', 'windy', 'start', 'weekend', 'weather', 'warning', 'place', 'state', 'territory'], ['nightly', 'several', 'state', 'brace', 'cold', 'windy', 'start', 'weekend', 'weather', 'warning', 'place', 'state', 'territory'], ['nightly', 'cold', 'windy', 'weekend', 'several', 'state', 'brisk', 'wind', 'wake', 'front', 'bring', 'shower', 'coastal', 'northeast', 'nsw', 'eastern', 'victoria', 'west']]"
4470159889698480,"[['facebook', 'announce', 'former', 'u', 'president', 'donald', 'trump', 'suspend', 'platform', 'least', 'january', 'SYM', 'year', 'initially', 'suspend'], ['nightly', 'facebook', 'announce', 'former', 'u', 'president', 'donald', 'trump', 'suspend', 'platform', 'least', 'january', 'SYM', 'year', 'initially', 'suspend'], ['nightly', 'facebook', 'say', 'trump', 'suspend', 'least', 'january']]"
4470104883037314,"[['melbourne', 'star', 'barrel', 'longer', 'lockdown', 'authority', 'scramble', 'find', 'source', 'second', 'highly', 'infectious', 'strain', 'people', 'test', 'positive', 'victoria', 'delta', 'mutation'], ['nightly', 'melbourne', 'star', 'barrel', 'longer', 'lockdown', 'authority', 'scramble', 'find', 'source', 'second', 'highly', 'infectious', 'strain', 'people', 'test', 'positive', 'victoria', 'delta', 'mutation'], ['nightly', 'play', 'video']]"
4470033619711107,"[['russian', 'president', 'vladimir', 'putin', 'sign', 'new', 'law', 'ban', 'individual', 'designate', 'extremist', 'run', 'public', 'office', 'move', 'condemn', 'opposition', 'effort', 'limit', 'political', 'competition'], ['nightly', 'russian', 'president', 'vladimir', 'putin', 'sign', 'new', 'law', 'ban', 'individual', 'designate', 'extremist', 'run', 'public', 'office', 'move', 'condemn', 'opposition', 'effort', 'limit', 'political', 'competition'], ['nightly', 'putin', 'sign', 'law', 'ban', 'extremist', 'run', 'election', 'navalnys', 'birthday']]"
4469990119715457,"[['many', 'resident', 'regional', 'victoria', 'celebrate', 'first', 'night', 'lockdown', 'din', 'yesterday'], ['nightly', 'many', 'resident', 'regional', 'victoria', 'celebrate', 'first', 'night', 'lockdown', 'din', 'yesterday'], ['nightly', 'regional', 'victorian', 'celebrate', 'freedom', 'lockdown', 'end']]"
4469834266397709,"[['victoria', 'first', 'state', 'receive', 'new', 'temporary', 'covid', 'disaster', 'payment', 'package'], ['announce', 'today', 'prime', 'minister', 'scott', 'morrison', 'qualify', 'pay', 'lockdown', 'period'], ['nightly', 'victoria', 'first', 'state', 'receive', 'new', 'temporary', 'covid', 'disaster', 'payment', 'package'], ['nightly', 'qualify', 'temporary', 'covid', 'disaster', 'payment', 'federal', 'government', 'declare', 'new', 'financial', 'support', 'package', 'help', 'people', 'live', 'state', 'sub']]"
4469715376409598,"[['mental', 'health', 'victorian', 'major', 'concern', 'state', 'go', 'snap', 'lockdown'], ['ceo', 'beyond', 'blue', 'say', 'organisation', 'significant', 'rise', 'people', 'reach', 'lockdown', 'begin'], ['nightly', 'mental', 'health', 'victorian', 'major', 'concern', 'state', 'go', 'snap', 'lockdown'], ['nightly', 'get', 'mental', 'health', 'help', 'victoria', 'snap', 'lockdown']]"
4469590133088789,"[['nicole', 'harrison', 'go', 'greet', 'familys', 'labrador', 'harry', 'wednesday', 'find', 'puppy', 'take', 'home'], ['devastated', 'harrison', 'family', 'search', 'ever'], ['nightly', 'nicole', 'harrison', 'go', 'greet', 'familys', 'labrador', 'harry', 'wednesday', 'find', 'puppy', 'take', 'home'], ['nightly', 'drop', 'family', 'offer', 'safe', 'return', 'labrador', 'puppy']]"
4469458389768630,"[['mother', 'tom', 'court', 'adelaide', 'confirm'], ['south', 'chief', 'public', 'health', 'officer', 'nicola', 'spurrier', 'tell', 'reporter', 'woman', 'quite', 'unwell'], ['nightly', 'mother', 'tom', 'court', 'adelaide', 'confirm'], ['nightly', 'floor', 'sa', 'quarantine', 'hotel', 'evacuate', 'infected', 'toddler', 'test', 'corridor']]"
4469458379768631,"[['mother', 'tom', 'court', 'adelaide', 'confirm'], ['south', 'chief', 'public', 'health', 'officer', 'nicola', 'spurrier', 'tell', 'reporter', 'woman', 'quite', 'unwell'], ['nightly', 'mother', 'tom', 'court', 'adelaide', 'confirm'], ['nightly', 'floor', 'sa', 'quarantine', 'hotel', 'evacuate', 'infected', 'toddler', 'test', 'corridor']]"
4469313149783154,"[['senior', 'paramedic', 'hospital', 'broken', 'leg', 'allegedly', 'assault', 'work', 'wollongong', 'hospital'], ['wollongong', 'ambulance', 'officer', 'serve', 'decade'], ['nightly', 'senior', 'paramedic', 'hospital', 'broken', 'leg', 'allegedly', 'assault', 'work', 'wollongong', 'hospital'], ['nightly', 'senior', 'paramedic', 'leg', 'break', 'alleged', 'attack', 'hospital']]"
4469154619799007,"[['wa', 'police', 'scour', 'perth', 'southern', 'suburb', 'tonight', 'man', 'go', 'relentless', 'rampage', 'yesterday'], ['jump', 'closed', 'window', 'allegedly', 'attack', 'elderly', 'woman', 'make', 'escape'], ['nightly', 'wa', 'police', 'scour', 'perth', 'southern', 'suburb', 'tonight', 'man', 'go', 'relentless', 'rampage', 'yesterday'], ['nightly', 'manhunt', 'underway', 'perth', 'southern', 'suburb', 'man', 'relentless', 'rampage']]"
4469019239812545,"[['month', 'half', 'dob', 'jobseeker', 'hotline', 'receive', 'call', 'queensland', 'alone'], ['state', 'responsible', 'even', 'call', 'hotline'], ['nightly', 'month', 'half', 'dob', 'jobseeker', 'hotline', 'receive', 'call', 'queensland', 'alone'], ['nightly', 'call', 'dob', 'jobseeker', 'hotline', 'queensland', 'federal', 'government', 'dob', 'jobseeker', 'hotline', 'receive', 'influx', 'call', 'business', 'owner']]"
4468882653159537,"[['final', 'plan', 'terminal', 'sydney', 'second', 'airport', 'look', 'reveal'], ['badgerys', 'airport', 'ceo', 'hop', 'airport', 'also', 'hub', 'food', 'increased', 'space', 'shop', 'restaurant', 'cafe'], ['nightly', 'final', 'plan', 'terminal', 'sydney', 'second', 'airport', 'look', 'reveal'], ['nightly', 'terminal', 'sydney', 'second', 'airport', 'look']]"
4468434773204325,"[['big', 'ever', 'plot', 'import', 'almost', 'worth', 'cocaine', 'sydney', 'foil'], ['big', 'ever', 'plot', 'import', 'almost', 'worth', 'cocaine', 'sydney', 'foil'], ['play', 'video']]"
4468483393199463,"[['donut', 'day', 'become', 'part', 'modern', 'vernacular', 'mark', 'day', 'free', 'new', 'case'], ['first', 'friday', 'june', 'see', 'different', 'cause', 'celebration'], ['donut', 'day', 'become', 'part', 'modern', 'vernacular', 'mark', 'day', 'free', 'new', 'case'], ['play', 'video']]"
4468512523196550,"[['come', 'origin', 'fever', 'johnson', 'wont', 'beat'], ['big', 'maroon', 'fan', 'queensland', 'plan', 'birth', 'second', 'child', 'next', 'week', 'game'], ['nightly', 'come', 'origin', 'fever', 'johnson', 'wont', 'beat'], ['nightly', 'play', 'video']]"
4468418726539263,"[['construction', 'quarantine', 'facility', 'melbourne', 'cbd', 'begin', 'month', 'exactly', 'remain', 'mystery'], ['city', 'resident', 'tell', 'fear', 'leak', 'project', 'complete', 'quickly'], ['construction', 'quarantine', 'facility', 'melbourne', 'cbd', 'begin', 'month', 'exactly', 'remain', 'mystery'], ['play', 'video']]"
4468349726546163,"[['right', 'way'], ['right', 'way'], ['right', 'way', 'driver', 'pedestrian'], ['driver', 'country', 'periodically', 'catch', 'unusual', 'requirement', 'wheel', 'result', 'fine', 'worth', 'hundred', 'dollar', 'even', 'cost', 'million', 'year']]"
4468308083216994,"[['modern', 'shark', 'population', 'recover'], ['modern', 'shark', 'population', 'recover'], ['shark', 'nearly', 'go', 'extinct', 'year', 'ago', 'shark', 'nearly', 'go', 'extinct', 'year', 'agoby', 'jun', 'tweet', 'facebook', 'mail', 'examine', 'fossil', 'record', 'depth', 'ocean', 'scientist', 'discover', 'shark', 'nearly', 'wipe', 'mysterious', 'major', 'extinction', 'event', 'shark', 'fish', 'fossil', 'show', 'shark', 'n']]"
4468254009889068,"[['report', 'rule', 'possibility', 'alien', 'spacecraft'], ['report', 'rule', 'possibility', 'alien', 'spacecraft'], ['evidence', 'navy', 'pilot', 'ufo', 'encounter', 'alien', 'spacecraft', 'evidence', 'navy', 'pilot', 'ufo', 'encounter', 'alien', 'spacecraftby', 'jun', 'tweet', 'facebook', 'mail', 'u', 'intelligence', 'official', 'find', 'evidence', 'confirm', 'unidentified', 'fly', 'object', 'encounter', 'u', 'navy', 'pilot', 'recent', 'year', 'alien', 'also']]"
4468174386563697,"[['australian', 'bird', 'get', 'catch', 'devastating', 'mouse', 'plague'], ['australian', 'bird', 'get', 'catch', 'devastating', 'mouse', 'plague'], ['warning', 'native', 'bird', 'death', 'blame', 'mouse', 'baiting', 'nsw']]"
4468115546569581,"[['pier', 'morgan', 'back', 'take', 'fight', 'straight', 'palace', 'sunday', 'pier', 'morgan', 'back', 'take', 'fight', 'straight', 'palace', 'sunday', 'play', 'video', 'minute', 'australia', 'hr', 'duked', 'duchess', 'famously', 'get', 'fire'], ['pier', 'morgan', 'back', 'take', 'fight', 'straight', 'palace'], ['sunday', 'king', 'controversy', 'refuse', 'cancel'], ['play', 'video', 'minute', 'australia', 'hr', 'duked', 'duchess', 'famously', 'get', 'fire']]"
4468071689907300,"[['well', 'housing', 'shortage', 'city', 'also', 'suffer', 'major', 'shortage', 'car', 'park'], ['well', 'housing', 'shortage', 'city', 'also', 'suffer', 'major', 'shortage', 'car', 'park'], ['car', 'park', 'space', 'sell']]"
4467964396584696,"[['nearly', 'year', 'last', 'concorde', 'flight', 'theres', 'new', 'plan', 'bring', 'back', 'supersonic', 'travel'], ['us', 'airline', 'united', 'announce', 'deal', 'company', 'boom', 'supersonic', 'see', 'new', 'jet', 'passenger', 'faster', 'speed', 'sound', 'end', 'decade'], ['http', 'full', 'story', 'tonight', 'nearly', 'year', 'last', 'concorde', 'flight', 'theres', 'new', 'plan', 'bring', 'back', 'supersonic', 'travel'], ['us', 'airline', 'united', 'announce', 'deal', 'company', 'boom', 'supersonic', 'see', 'new', 'jet', 'carry', 'passenger', 'faster', 'speed', 'sound', 'end', 'decade'], ['http', 'full', 'story', 'tonight', 'play', 'video']]"
4467945353253267,"[['government', 'confirm', 'seek', 'enforce', 'mandatory', 'vaccination', 'regime', 'age', 'care', 'disability', 'care', 'worker'], ['think'], ['government', 'confirm', 'seek', 'enforce', 'mandatory', 'vaccination', 'regime', 'age', 'care', 'disability', 'care', 'worker'], ['jab', 'mandatory', 'age', 'care', 'worker']]"
4467899069924562,"[['yesterday', 'sydney', 'cold', 'day', 'year'], ['yesterday', 'sydney', 'cold', 'day', 'year'], ['sydney', 'record', 'coldest', 'day', 'year']]"
529709091395308,"[['live', 'prime', 'minister', 'scott', 'morrison', 'address', 'medium'], ['live', 'prime', 'minister', 'scott', 'morrison', 'address', 'medium'], ['play', 'video']]"
4467758663271936,"[['year', 'china', 'quash', 'discussion', 'mainland', 'bloody', 'crackdown', 'protester', 'beijing', 'tiananmen', 'square'], ['hong', 'kongs', 'turn'], ['year', 'china', 'quash', 'discussion', 'mainland', 'bloody', 'crackdown', 'protester', 'beijing', 'tiananmen', 'square'], ['china', 'silencing', 'tiananmen', 'tributes', 'extend', 'hong', 'kong', 'china', 'quashing', 'commemoration', 'tiananmen', 'square', 'victim', 'extend', 'hong', 'kong', 'f']]"
4467650123282790,"[['new', 'variant', 'identify', 'melbourne', 'outbreak', 'unrelated', 'case', 'thus', 'far'], ['new', 'variant', 'identify', 'melbourne', 'outbreak', 'unrelated', 'case', 'thus', 'far'], ['new', 'unseen', 'coronavirus', 'strain', 'identify', 'australia']]"
4467630566618079,"[['mask'], ['woman', 'allegedly', 'refuse', 'stop', 'checkpoint', 'pursue', 'police', 'road', 'spike', 'use', 'stop', 'car'], ['mask'], ['covid', 'sceptic', 'online', 'rant', 'allegedly', 'bust', 'border', 'checkpoint', 'south', 'australian', 'woman', 'remain', 'custody', 'tonight', 'allegedly', 'drive', 'border', 'checkpoint']]"
4467511603296642,"[['less', 'day', 'game', 'unpaid', 'volunteer', 'tell', 'organiser', 'longer', 'participate'], ['less', 'day', 'game', 'unpaid', 'volunteer', 'tell', 'organiser', 'longer', 'participate'], ['tokyo', 'game', 'hit', 'mass', 'staff', 'boycott', 'worker', 'pull', 'week', 'olympics']]"
4467429633304839,"[['victoria', 'record', 'new', 'local', 'case', 'past', 'hour', 'link'], ['massive', 'day', 'test', 'result', 'receive', 'department', 'health'], ['detail', 'http', 'victoria', 'record', 'new', 'local', 'case', 'past', 'hour', 'link'], ['detail', 'http']]"
4467408349973634,"[['future', 'mouse', 'plague', 'cut', 'knee', 'new', 'genetic', 'control', 'develop', 'australian', 'researcher'], ['future', 'mouse', 'plague', 'cut', 'knee', 'new', 'genetic', 'control', 'develop', 'australian', 'researcher'], ['science', 'stop', 'next', 'mouse', 'plague', 'start']]"
4975827829094037,"[['facebook', 'say', 'suspension', 'former', 'u', 'president', 'donald', 'trump', 'account', 'last', 'least', 'year'], ['facebook', 'suspend', 'donald', 'trump', 'account', 'year']]"
4975777692432384,"[['authority', 'scramble', 'determine', 'family', 'contract', 'virus', 'strain', 'cause', 'devastation', 'india', 'uk'], ['victoria', 'record', 'new', 'covid', 'case', 'search', 'delta', 'strain', 'source', 'continue']]"
4975764159100404,"[['dutch', 'judge', 'oversee', 'murder', 'trial', 'russian', 'ukrainian', 'man', 'summarise', 'evidence', 'hearing', 'next', 'week'], ['family', 'die', 'flight', 'prepare', 'key', 'trial', 'phase']]"
4975702279106592,"[['relationship', 'tatter', 'wife', 'learn', 'live', 'lie'], ['relationship', 'tatter', 'wife', 'learn', 'live', 'lie'], []]"
4975645499112270,"[['national', 'cabinet', 'lean', 'heavily', 'move', 'bid', 'lower', 'risk', 'nursing', 'home', 'death'], ['covid', 'vaccine', 'soon', 'mandatory', 'aussie', 'age', 'care', 'staff']]"
4975581645785322,"[['sort', 'sorcery', 'sort', 'sorcery', 'aussie', 'mum', 'reveals', 'secret', 'dishwasher', 'hack']]"
4975545675788919,"[['customer', 'discovery', 'spark', 'intense', 'war', 'word', 'social', 'medium'], ['customer', 'discovery', 'spark', 'intense', 'war', 'word', 'social', 'medium'], []]"
4975520069124813,"[['EX', 'site', 'exposure', 'virus', 'occur'], ['shopping', 'centre', 'office', 'building', 'costco', 'melbourne', 'new', 'covid', 'exposure', 'site']]"
4975476689129151,"[['megan', 'leave', 'unable', 'shower', 'felt', 'acid', 'pour', 'skin'], ['living', 'hell', 'woman', 'face', 'covered', 'excruciate', 'skin']]"
4975461725797314,"[['child', 'gravely', 'wound', 'bouncy', 'castle', 'explode', 'fling', 'metal', 'fence', 'tram', 'track'], ['horror', 'scene', 'bouncy', 'castle', 'explodes', 'little', 'girl', 'still']]"
4975423949134425,"[['nsw', 'police', 'investigate', 'clip', 'share', 'widely', 'tiktok', 'force', 'say', 'select', 'excerpt', 'long', 'conversation'], ['nsw', 'police', 'investigate', 'clip', 'share', 'widely', 'tiktok', 'force', 'say', 'select', 'excerpt', 'long', 'conversation'], []]"
4974013485942138,"[['melbourne', 'artist', 'credo', 'seem', 'never', 'give', 'win', 'australia', 'rich', 'art', 'prize', 'archibald', 'make', 'final', 'time'], ['win', 'portrait', 'good', 'subject', 'say', 'damned', 'good'], [], ['archibald', 'melbourne', 'artist', 'credo', 'seem', 'never', 'give', 'win', 'australia', 'rich', 'art', 'prize', 'archibald', 'make', 'final', 'time'], ['archibald', 'play', 'video']]"
4973827715960715,"[['authority', 'continent', 'stop', 'record', 'tonne', 'cocaine', 'haul', 'hit', 'street', 'australia', 'consignment', 'worth', 'almost'], ['men', 'arrest', 'sting', 'someone', 'apparently', 'gamble', 'laundering', 'obscene', 'amount', 'money'], ['detail', 'http'], ['cocaine', 'authority', 'continent', 'stop', 'record', 'tonne', 'cocaine', 'haul', 'hit', 'street', 'australia', 'consignment', 'worth', 'almost'], ['men', 'arrest', 'sting', 'someone', 'apparently', 'gamble', 'laundering', 'obscene', 'amount', 'money'], ['detail', 'http'], ['cocaine', 'play', 'video']]"
4974421915901295,"[['think', 'strange', 'news', 'presenter', 'shaun', 'ley', 'wear', 'EX', 'always', 'first', 'time', 'think', 'strange', 'news', 'presenter', 'shaun', 'ley', 'wear', 'EX', 'always', 'first', 'time', 'camera', 'catch', 'bbc', 'presenter', 'unorthodox', 'fashion', 'choice', 'news', 'desk']]"
4974383372571816,"[['fear', 'deadly', 'bacterial', 'infection', 'already', 'circulate', 'area', 'canine', 'population'], ['urgent', 'warning', 'pet', 'owner', 'sydney', 'north', 'tragic', 'dog', 'death']]"
4974311755912311,"[['health', 'authority', 'try', 'determine', 'side', 'effect', 'impact', 'heart', 'recipient', 'vaccine', 'directly', 'relate', 'jab'], ['health', 'authority', 'scramble', 'possible', 'side', 'effect', 'covid', 'jab', 'teenager']]"
4974253235918163,"[['witness', 'describe', 'see', 'light', 'plane', 'lose', 'control', 'nosedive', 'crash', 'canberra', 'kill', 'men', 'board'], ['witness', 'describe', 'horror', 'plane', 'carry', 'nosedive', 'nsw']]"
4974190775924409,"[['man', 'begin', 'relationship', 'girl'], ['victorian', 'man', 'jail', 'impregnate', 'girl', 'inappropriate', 'relationship']]"
4974141465929340,"[['player', 'hotel', 'room', 'search', 'thursday', 'arrest', 'later', 'day'], ['tennis', 'player', 'arrested', 'french', 'open', 'allegation']]"
4973630809313739,"[['play', 'video', 'spotlight', 'hr', 'sunrise', 'natalie', 'barr', 'go', 'edge', 'spotlight', 'special', 'reveal', 'high', 'low', 'twist', 'turn', 'global', 'theme', 'park', 'industry'], ['aussie', 'coaster', 'old', 'titanic', 'new', 'contraption', 'earth', 'meet', 'family', 'get', 'enough', 'chase', 'great', 'thrill', 'earth', 'people', 'life', 'tragically', 'inextricably', 'change', 'instant'], ['spotlight', 'ride', 'life', 'sunday', 'channel'], ['play', 'video', 'spotlight', 'hr', 'sunrise', 'natalie', 'barr', 'go', 'edge', 'spotlight', 'special', 'reveal', 'high', 'low', 'twist', 'turn', 'global', 'theme', 'park', 'industry']]"
4974114212598732,"[['jessica', 'loh', 'speak', 'felt', 'numb', 'sick', 'empty', 'agonise', 'tragedy'], ['jessica', 'loh', 'speak', 'felt', 'numb', 'sick', 'empty', 'agonise', 'tragedy'], []]"
4974063152603838,"[['statewide', 'manhunt', 'underway', 'man', 'go', 'violent', 'rampage', 'perth', 'south'], ['terminator', 'cop', 'taser', 'want', 'man', 'five', 'time', 'still', 'manage', 'escape']]"
4974042592605894,"[['still', 'like', 'place', 'stick', 'year'], ['still', 'like', 'place', 'stick', 'year'], []]"
4974009422609211,"[['neighbour', 'say', 'experience', 'nightmare', 'horrific', 'incident'], ['u', 'mum', 'fire', 'multiple', 'gunshot', 'neigbour', 'pet', 'SYM', 'hit', 'son', 'instead']]"
4973985425944944,"[['PDT', 'phone', 'call', 'wife', 'queensland', 'man', 'glen', 'bennett', 'never', 'forget', 'phone', 'call', 'wife', 'queensland', 'man', 'glen', 'bennett', 'never', 'forget']]"
4973957822614371,"[['feel', 'f', 'failure', 'third', 'f', 'marriage'], ['kim', 'kardashian', 'break', 'publicly', 'address', 'kanye', 'west', 'divorce', 'first', 'time']]"
4973908169286003,"[['fan', 'label', 'change', 'refreshing', 'others', 'say'], ['fan', 'label', 'change', 'refreshing', 'others', 'say'], []]"
4973852622624891,"[['jessica', 'loh', 'speak', 'felt', 'numb', 'sick', 'empty', 'agonise', 'tragedy'], ['run', 'back', 'pregnant', 'wife', 'final', 'message', 'husband', 'kill', 'way', 'home', 'dinner']]"
4973827349294085,"[['little', 'molly', 'first', 'visit', 'brekky', 'central', 'bear', 'december'], ['little', 'molly', 'first', 'visit', 'brekky', 'central', 'bear', 'december'], []]"
4973804779296342,"[['tagged', 'great', 'white', 'closely', 'monitor', 'authority', 'move', 'coastline'], ['shark', 'warn', 'issue', 'perth', 'beach', 'great', 'white', 'spot', 'time']]"
4973784165965070,"[['couple', 'marry', 'year', 'relationship', 'tatter', 'wife', 'learn', 'live', 'lie'], ['wife', 'want', 'divorce', 'dna', 'test', 'expose', 'disgust', 'secret']]"
4973757965967690,"[['fan', 'label', 'change', 'refreshing', 'others', 'say'], ['princess', 'charlene', 'monaco', 'unrecognisable', 'debut', 'dare', 'new', 'look']]"
4973742469302573,"[['crew', 'member', 'ask', 'medical', 'security', 'crew', 'attend', 'scene', 'guest', 'think', 'part', 'night', 'entertainment'], ['murder', 'mystery', 'show', 'watch', 'cruise', 'ship', 'guest', 'actually', 'brutal', 'killing']]"
4973713149305505,"[['expert', 'analyse', 'signature', 'senior', 'royal', 'reveal', 'personality', 'traits', 'EX', 'big', 'revelation'], ['letter', 'expert', 'harry', 'meghan', 'handwriting', 'say']]"
4973689069307913,"[['PDT', 'phone', 'call', 'wife', 'queensland', 'man', 'glen', 'bennett', 'never', 'forget', 'PDT', 'phone', 'call', 'wife', 'queensland', 'man', 'glen', 'bennett', 'never', 'forget', 'face', 'agonise', 'death', 'glen', 'call', 'wife', 'say', 'goodbye'], ['story', 'courage', 'bring', 'tear', 'eye']]"
4973663332643820,"[['nsw', 'police', 'investigate', 'clip', 'share', 'widely', 'tiktok', 'force', 'say', 'select', 'excerpt', 'long', 'conversation'], ['sydney', 'man', 'go', 'police', 'report', 'rape', 'film', 'officer', 'call', 'delusional']]"
4973661772643976,"[['longtime', 'queensland', 'maroon', 'fan', 'think', 'sit', 'pretty', 'airbnb', 'app'], ['know', 'laugh', 'cry', 'airbnb', 'host', 'shock', 'origin', 'price', 'gouge', 'longtime', 'queensland', 'maroon', 'fan', 'think', 'sit', 'pretty', 'airbnb', 'app']]"
4973639202646233,"[['customer', 'discovery', 'spark', 'intense', 'war', 'word', 'social', 'medium'], ['discriminatory', 'woolworths', 'shopper', 'debate', 'tampon', 'aisle', 'find']]"
5613002598770001,"[['facebook', 'suspends', 'trump', 'january', 'facebook', 'suspend', 'former', 'u', 'president', 'donald', 'trump', 'least', 'january'], ['social', 'medium', 'giant', 'suspend', 'trump', 'account', 'day', 'january', 'capitol', 'hill', 'riot', 'determine', 'incite', 'violence'], ['suspension', 'last', 'least', 'year', 'date', 'initial', 'block', 'lift', 'risk', 'public', 'safety', 'recede', 'facebook', 'say', 'friday'], ['given', 'gravity', 'circumstance', 'lead', 'mr', 'trump', 'suspension', 'believe', 'action', 'constitute', 'severe', 'violation', 'rule', 'merit', 'high', 'penalty', 'available', 'new', 'enforcement', 'protocol', 'facebook', 'vice', 'president', 'global', 'affair', 'nick', 'clegg', 'say', 'statement'], ['suspend', 'account', 'year', 'effective', 'date', 'initial', 'suspension', 'january', 'trump', 'permanently', 'ban', 'twitter', 'remain', 'suspend', 'alphabet', 'youtube', 'riot'], ['social', 'medium', 'giant', 'suspend', 'trump', 'account', 'day', 'january', 'capitol', 'hill', 'riot', 'determine', 'incite', 'violence'], ['suspend', 'account', 'year', 'effective', 'date', 'initial', 'suspension', 'january', 'trump', 'permanently', 'ban', 'twitter', 'remain', 'suspend', 'alphabet', 'youtube', 'riot']]"
5609933435743584,"[['baby', 'squid', 'launched', 'space', 'science'], ['baby', 'squid', 'tiny', 'organism', 'know', 'tardigrade', 'chile', 'plant', 'cotton', 'seedling', 'send', 'international', 'space', 'station', 'various', 'study'], ['astronaut', 'scientist', 'examine', 'tardigrade', 'ability', 'live', 'extreme', 'environment', 'well', 'understand', 'stress', 'human', 'body', 'long', 'trip', 'space'], ['baby', 'bobtail', 'squid', 'send', 'study', 'investigate', 'relationship', 'beneficial', 'bacteria'], ['kg', 'shipment', 'space', 'station', 'also', 'include', 'fresh', 'lemon', 'onion', 'avocado', 'cherry', 'tomato', 'station', 'astronaut'], ['astronaut', 'scientist', 'examine', 'tardigrade', 'ability', 'live', 'extreme', 'environment', 'well', 'understand', 'stress', 'human', 'body', 'long', 'trip', 'space']]"
5609715305765397,"[['debt', 'help', 'economy'], ['commonwealth', 'bank', 'senior', 'economist', 'belinda', 'allen', 'ey', 'australia', 'chief', 'economist', 'jo', 'master', 'explain', 'episode', 'making', 'money', 'easy', 'podcast', 'gillian', 'bowen', 'listen', 'get', 'podcasts', 'https', 'debt', 'help', 'economy'], ['commonwealth', 'bank', 'senior', 'economist', 'belinda', 'allen', 'ey', 'australia', 'chief', 'economist', 'jo', 'master', 'explain', 'episode', 'making', 'money', 'easy', 'podcast', 'gillian', 'bowen', 'listen', 'get', 'podcasts', 'https', 'play', 'video']]"
5609668612436733,"[['national', 'cabinet', 'fall', 'short', 'make', 'mandatory', 'age', 'care', 'worker', 'receive', 'jab'], ['vanonselenp', 'auspol', 'national', 'cabinet', 'fall', 'short', 'make', 'mandatory', 'age', 'care', 'worker', 'receive', 'jab'], ['vanonselenp', 'auspol', 'play', 'video']]"
5609327965804131,"[['might', 'need', 'rethink', 'weekend', 'plan', 'temperature', 'set', 'drop', 'hope', 'werent', 'plan', 'head', 'weekend', 'temperature', 'dip', 'degree', 'sydney', 'melbourne'], ['wake', 'chilly', 'start', 'saturday', 'meanwhile', 'make', 'sure', 'youre', 'rugged', 'morning', 'sunday'], ['melbourne', 'brace', 'icy', 'saturday', 'morning', 'thats', 'expect', 'thaw', 'sunday'], ['melburnians', 'wont', 'contend', 'cold', 'weekend', 'shower', 'also', 'expect', 'saturday', 'sunday'], ['might', 'need', 'rethink', 'weekend', 'plan', 'temperature', 'set', 'drop', 'hope', 'werent', 'plan', 'head', 'weekend', 'temperature', 'dip', 'degree', 'sydney', 'melbourne'], ['sydneysiders', 'wake', 'chilly', 'start', 'saturday', 'meanwhile', 'make', 'sure', 'youre', 'rugged', 'morning', 'sunday']]"
5609167939153467,"[['burger', 'forklift'], ['head', 'second', 'weekend', 'lockdown', 'people', 'get', 'creative', 'mean', 'transportation'], ['ravenous', 'victorian', 'catch', 'camera', 'forklift', 'hungry', 'jack'], ['see', 'weird', 'thing', 'mean', 'street', 'melbourne'], ['video', 'jonodabest', 'note', 'illegal', 'drive', 'forklift', 'workplace', 'public', 'road', 'register', 'number', 'plate', 'forklift'], ['ravenous', 'victorian', 'catch', 'camera', 'take', 'forklift', 'hungry', 'jack'], ['video', 'jonodabest', 'note', 'illegal', 'drive', 'forklift', 'workplace', 'public', 'road', 'register', 'number', 'plate', 'forklift'], ['play', 'video']]"
5609052572498337,"[['breaking', 'melbourne', 'artist', 'peter', 'wegner', 'win', 'archibald', 'prize', 'portrait', 'fellow', 'artist', 'guy', 'warren', 'also'], ['case', 'sixth', 'time', 'lucky', 'wegner', 'beat', 'field', 'painter', 'win', 'australia', 'prestigious', 'prize', 'painting'], ['accept', 'award', 'lock', 'melbourne', 'wegner', 'say', 'humble', 'centenarian', 'sitter'], ['like', 'thank', 'guy', 'warren', 'sit', 'generosity', 'spirit'], ['much', 'easy', 'get', 'great', 'face'], ['think', 'always', 'easy', 'great', 'model'], ['guy', 'extremely', 'lucky'], ['yolngu', 'artist', 'nyapanyapa', 'yunupingu', 'live', 'work', 'arnhem', 'land', 'community', 'yirrkala', 'win', 'wynne', 'prize', 'landscape', 'painting'], ['painter', 'georgia', 'spain', 'take', 'sulman', 'prize', 'subject', 'painting'], ['case', 'sixth', 'time', 'lucky', 'wegner', 'beat', 'field', 'painter', 'win', 'australia', 'prestigious', 'prize', 'painting']]"
5608679059202355,"[['new', 'covid', 'variant', 'name', 'announced', 'world', 'health', 'organisation', 'rename', 'strain', 'define', 'country', 'origin', 'order', 'minimise', 'geographical', 'stigma'], ['new', 'variant', 'name', 'scheme', 'assign', 'greek', 'letter', 'strain', 'previously', 'know', 'indian', 'south', 'african', 'variant'], ['new', 'covid', 'variant', 'name', 'announced', 'world', 'health', 'organisation', 'rename', 'strain', 'define', 'country', 'origin', 'order', 'minimise', 'geographical', 'stigma']]"
5605013209568940,"[['giant', 'sinkhole', 'threatens', 'swallow', 'home', 'mexico', 'huge', 'sinkhole', 'appear', 'farmland', 'central', 'mexico', 'threaten', 'swallow', 'nearby', 'house'], ['estimate', 'around', 'metre', 'deep', 'diameter'], ['stage', 'EX', 'reported', 'injury', 'authority', 'warn', 'resident', 'stay', 'away', 'area'], ['hole', 'report', 'local', 'saturday'], ['giant', 'sinkhole', 'threatens', 'swallow', 'home', 'mexico', 'huge', 'sinkhole', 'appear', 'farmland', 'central', 'mexico', 'threaten', 'swallow', 'nearby', 'house'], ['estimate', 'around', 'metre', 'deep', 'metre', 'diameter'], ['play', 'video']]"
5604744462929148,"[['scott', 'morrison', 'announce', 'new', 'emergency', 'cash', 'payment', 'million', 'victorian', 'face', 'week', 'lockdown'], ['play', 'video']]"
5604636849606576,"[['subaru', 'recall', 'thousand', 'car', 'subaru', 'recall', 'xvs', 'forester', 'possible', 'defect', 'discover'], ['rear', 'stabiliser', 'bracket', 'bolt', 'vehicle', 'tightened', 'sufficiently', 'production', 'come', 'loose', 'fall', 'use', 'product', 'safety', 'australia', 'say'], ['affect', 'driveshaft', 'brake', 'pipe', 'cause', 'injury', 'death', 'vehicle', 'occupant', 'road', 'user'], ['owner', 'affected', 'vehicle', 'contact', 'ask', 'book', 'vehicle', 'undergo', 'repair', 'work', 'free', 'charge'], ['subaru', 'recall', 'thousand', 'car', 'subaru', 'recall', 'xvs', 'forester', 'possible', 'defect', 'discover'], ['rear', 'stabiliser', 'bracket', 'bolt', 'vehicle', 'tighten', 'sufficiently', 'production', 'come', 'loose', 'fall', 'use', 'product', 'safety', 'australia', 'say']]"
5604088776328050,"[['girl', 'boy', 'armed', 'gun', 'standoff', 'police', 'boy', 'girl', 'arm', 'gun', 'engage', 'shootout', 'police', 'u', 'authority', 'say'], ['girl', 'shot', 'wounded', 'police', 'florida', 'say', 'aim', 'shotgun', 'deputy'], ['child', 'allegedly', 'run', 'away', 'group', 'home', 'break', 'private', 'residence', 'begin', 'shootout', 'police'], ['police', 'expect', 'charge', 'pair'], ['girl', 'boy', 'armed', 'gun', 'standoff', 'police', 'boy', 'girl', 'arm', 'gun', 'engage', 'shootout', 'police', 'u', 'authority', 'say'], ['girl', 'shoot', 'wound', 'police', 'florida', 'say', 'aim', 'shotgun', 'deputy'], ['content', 'isnt', 'available', 'moment', 'happen', 'usually', 'owner', 'share', 'small', 'group', 'people', 'change', 'see', 'delete']]"
5604042509666010,"[['breaking', 'scott', 'morrison', 'announce', 'temporary', 'covid', 'disaster', 'payment', 'work', 'affect', 'lockdown'], ['payment', 'week', 'work', 'hour', 'week', 'work', 'less'], ['lockdown', 'result', 'state', 'public', 'health', 'order', 'continue', 'area', 'also', 'define', 'chief', 'officer', 'commonwealth', 'provide', 'support', 'payment', 'affected', 'affected', 'area', 'pm', 'say'], ['payment', 'available', 'australian', 'resident', 'permit', 'work', 'au'], ['liquid', 'asset', 'less', 'must', 'receive', 'income', 'support', 'payment', 'pandemic', 'payment'], ['payment', 'week', 'work', 'hour', 'week', 'work', 'less']]"
5603563209713940,"[['benjamin', 'netanyahu', 'israel', 'leader', 'could', 'soon', 'unseated', 'opposition', 'move', 'form', 'coalition', 'benjamin', 'netanyahu', 'israel', 'prime', 'minister', 'soon', 'remove', 'countrys', 'opposition', 'leader', 'say', 'successfully', 'form', 'coalition'], ['yair', 'lapid', 'head', 'secular', 'centrist', 'yesh', 'atid', 'party', 'announce', 'form', 'coalition', 'nationalist', 'naftali', 'bennet', 'yamina', 'party'], ['pair', 'take', 'turn', 'serve', 'pm', 'bennet', 'serve', 'year', 'follow', 'lapid', 'year'], ['coalition', 'involve', 'sign', 'individual', 'agreement', 'total', 'party'], ['netanyahu', 'leader', 'conservative', 'likud', 'party', 'currently', 'trial', 'criminal', 'charge', 'fraud', 'bribery', 'breach', 'trust', 'office', 'accusation', 'deny'], ['benjamin', 'netanyahu', 'israel', 'leader', 'could', 'soon', 'unseated', 'opposition', 'move', 'form', 'coalition', 'benjamin', 'netanyahu', 'israel', 'prime', 'minister', 'soon', 'remove', 'power', 'countrys', 'opposition', 'leader', 'say', 'successfully', 'form', 'coalition']]"
5603243169745944,"[['cant', 'bail', 'victoria', 'say', 'treasurer', 'nsw', 'treasurer', 'dominic', 'perrottet', 'say', 'future', 'generation', 'suffer', 'federal', 'government', 'decides', 'bail', 'state', 'enter', 'lockdown'], ['speak', 'today', 'say', 'australian', 'pay', 'significant', 'economic', 'cost', 'morrison', 'government', 'come', 'rescue', 'state', 'batter', 'outbreak'], ['money', 'spend', 'pay', 'kid', 'perrottet', 'say'], ['UH', 'let', 'keep', 'people', 'safe', 'get', 'vaccination', 'roll', 'quickly', 'possible', 'let', 'conscious', 'fact', 'EX', 'substantial', 'economic', 'impact', 'lockdown', 'cost', 'spend', 'today', 'pay', 'back', 'generation', 'call', 'come', 'federal', 'government', 'finalise', 'deal', 'support', 'worker', 'lose', 'pay', 'victoria', 'lockdown'], ['speak', 'today', 'say', 'australian', 'pay', 'significant', 'economic', 'cost', 'morrison', 'government', 'come', 'rescue', 'state', 'batter', 'outbreak'], ['UH', 'let', 'keep', 'people', 'safe', 'get', 'vaccination', 'roll', 'quickly', 'possible', 'let', 'conscious', 'fact', 'EX', 'substantial', 'economic', 'impact', 'lockdown', 'cost', 'spend', 'today', 'pay', 'back', 'generation', 'call', 'come', 'federal', 'government', 'finalise', 'deal', 'support', 'worker', 'lose', 'pay', 'victoria', 'lockdown']]"
5603215879748673,"[['touch', 'ball', 'video', 'sa', 'chief', 'public', 'health', 'officer', 'nicola', 'spurrier', 'go', 'viral'], ['see'], ['spurrier', 'explain', 'sa', 'health', 'decision', 'grant', 'exemption', 'collingwood', 'travel', 'sa', 'match', 'offer', 'safety', 'tip', 'punter'], ['player', 'win', 'allow', 'come', 'contact', 'south', 'australian', 'sa', 'crow', 'player'], ['keep', 'crowd', 'game', 'safe', 'told', 'people', 'keep', 'hand', 'ball', 'go', 'way'], ['adelaide', 'oval', 'ball', 'come', 'advice', 'duck', 'touch', 'touch', 'ball', 'video', 'sa', 'chief', 'public', 'health', 'officer', 'nicola', 'spurrier', 'go', 'viral'], ['spurrier', 'explain', 'sa', 'health', 'decision', 'grant', 'exemption', 'collingwood', 'magpie', 'travel', 'sa', 'match', 'offer', 'safety', 'tip', 'punter'], ['adelaide', 'oval', 'ball', 'come', 'advice', 'duck', 'touch', 'play', 'video']]"
5599934260076835,"[['exclusive', 'tonight', 'bring', 'unbelievable', 'story', 'man', 'bring', 'back', 'dead', 'time'], ['peter', 'go', 'flatlined', 'thanks', 'medic', 'never', 'say', 'die', 'attitude', 'hes', 'live', 'tell', 'tale', 'set', 'walk', 'hospital'], ['play', 'video']]"
5599862966750631,"[['surprise', 'new', 'figure', 'national', 'economy', 'back', 'even', 'good', 'shape', 'nation', 'pandemic'], ['play', 'video']]"
5599516880118573,"[['doe', 'premier', 'make', 'top'], ['annastacia', 'palaszczuk', 'salary', 'set', 'jump', 'compare', 'premier', 'take', 'home'], ['queensland', 'premier', 'palaszczuk', 'pay', 'rise', 'almost', 'announce', 'week', 'upcoming', 'increase', 'make', 'second', 'high', 'pay', 'premier'], ['victoria', 'daniel', 'andrew', 'land', 'top', 'spot', 'sa', 'steven', 'marshall', 'take', 'third', 'place', 'nsw', 'gladys', 'berejiklian', 'landing', 'fourth', 'wa', 'mark', 'mcgowan', 'round', 'top'], ['act', 'andrew', 'barr', 'nt', 'michael', 'gunner', 'tasmania', 'peter', 'gutwein', 'earn', 'least', 'order', 'salary'], ['queensland', 'premier', 'palaszczuk', 'pay', 'rise', 'almost', 'announce', 'week', 'upcoming', 'increase', 'make', 'second', 'high', 'pay', 'premier']]"
5599331656803762,"[['feel', 'free', 'recline', 'weve', 'give', 'look', 'new', 'idea', 'aviation', 'innovation', 'include', 'unconventional', 'seat', 'configuration'], ['concept', 'draw', 'design', 'alejandro', 'núñez', 'vicente', 'shortlist', 'student', 'category', 'crystal', 'cabin', 'award'], ['luggage', 'store', 'staggered', 'seat', 'compartment', 'instead', 'traditional', 'overhead', 'locker'], ['also', 'suggest', 'design', 'increase', 'covid', 'safety', 'create', 'distance', 'passenger'], ['prefer', 'seat'], ['concept', 'draw', 'design', 'student', 'alejandro', 'núñez', 'vicente', 'shortlist', 'student', 'category', 'crystal', 'cabin', 'award']]"
5598946590175602,"[['breaking', 'melbourne', 'remain', 'lockdown', 'additional', 'day', 'restriction', 'set', 'ease', 'regional', 'victoria', 'tomorrow', 'night'], ['melburnians', 'also', 'bar', 'travel', 'victoria', 'queen', 'birthday', 'long', 'weekend'], ['EX', 'change', 'rule', 'student', 'year', 'allow', 'return', 'school', 'worker', 'include', 'landscaper', 'allow', 'return', 'work'], ['melburnians', 'also', 'bar', 'travel', 'regional', 'victoria', 'queen', 'birthday', 'long', 'weekend']]"
5598634933540101,"[['uluru', 'orbit', 'australia', 'big', 'iconic', 'attraction', 'hard', 'miss', 'even', 'space'], ['sacred', 'site', 'capture', 'orbit', 'late', 'image', 'share', 'french', 'astronaut', 'pasquet', 'often', 'share', 'view', 'world'], ['pasquet', 'write', 'see', 'rock', 'glowing', 'different', 'light', 'space', 'sunrise', 'sunset', 'change', 'tone'], ['sacred', 'site', 'capture', 'orbit', 'late', 'image', 'share', 'french', 'astronaut', 'thomas', 'pasquet', 'often', 'share', 'view', 'world']]"
5598505590219702,"[['poacher', 'evaded', 'police', 'decade', 'notorious', 'poacher', 'nickname', 'tiger', 'habib', 'accuse', 'kill', 'endanger', 'bengal', 'tiger'], ['bangladesh', 'police', 'say', 'habib', 'talukder', 'flee', 'hunting', 'ground', 'officer', 'raid', 'area', 'finally', 'bring', 'custody'], ['talukder', 'infamous', 'hunt', 'dwindle', 'population', 'big', 'cat', 'local', 'conservationist', 'breathe', 'sigh', 'relief'], ['bangladesh', 'police', 'say', 'habib', 'talukder', 'flee', 'hunting', 'ground', 'officer', 'raid', 'area', 'finally', 'bring', 'custody']]"
5598295803574014,"[['teen', 'fends', 'huge', 'bear', 'save', 'dog', 'california', 'teen', 'use', 'superhuman', 'strength', 'shove', 'bear', 'save', 'dog', 'live'], ['cctv', 'post', 'tiktok', 'show', 'hailey', 'morinico', 'rush', 'see', 'large', 'brown', 'bear', 'take', 'swipe', 'furry', 'friend'], ['give', 'apex', 'predator', 'almighty', 'push', 'topple', 'wall', 'herd', 'pet'], ['later', 'say', 'see', 'bear', 'backyard', 'american', 'summer', 'actually', 'really', 'normal'], ['go', 'bear', 'look', 'eye', 'first', 'thing', 'think', 'push', 'push', 'bear', 'push', 'apex', 'predator', 'man', 'say'], ['dog'], ['cctv', 'post', 'tiktok', 'show', 'hailey', 'morinico', 'rush', 'backyard', 'see', 'large', 'brown', 'bear', 'take', 'swipe', 'furry', 'friend'], ['play', 'video']]"
5595827927154135,"[['breaking', 'breaking', 'news', 'first', 'sydney', 'june', 'breaking', 'infectious', 'covid', 'case', 'wa', 'nsw', 'nsw', 'health', 'issue', 'urgent', 'alert', 'confirmed', 'positive', 'case', 'melbourne', 'visit', 'regional', 'nsw', 'infectious'], ['person', 'visit', 'location', 'jervis', 'bay', 'southern', 'nsw', 'may', 'may'], ['anyone', 'visit', 'venue', 'listed', 'time', 'get', 'test', 'isolate', 'notice', 'shell', 'cole', 'express', 'big', 'merino', 'goulburn', 'may', 'trapper', 'bakery', 'goulburn', 'may', 'cook', 'goose', 'cafe', 'hyams', 'beach', 'may', 'green', 'patch', 'campground', 'booderee', 'national', 'park', 'jervis', 'bay', 'may', 'day', 'may', 'cole', 'vincentia', 'shopping', 'village', 'vincentia', 'may', 'nsw', 'health', 'say', 'anyone', 'even', 'mild', 'symptom', 'jervis', 'bay', 'get', 'test', 'immediately'], ['expect', 'list', 'potential', 'exposure', 'site', 'grow', 'nsw', 'health', 'official', 'continue', 'investigation'], ['news', 'first', 'sydney', 'june', 'breaking', 'infectious', 'covid', 'case', 'wa', 'nsw', 'nsw', 'health', 'issue', 'urgent', 'alert', 'confirmed', 'positive', 'case', 'melbourne', 'visit', 'regional', 'nsw', 'infectious']]"
5594867330583528,"[['hear'], ['remember', 'yanny', 'laurel', 'debate'], ['well', 'heres', 'brand', 'new', 'audio', 'illusion', 'spark', 'disagreement', 'internet'], ['difference', 'word', 'hear', 'similar', 'viral', 'clip', 'put', 'listener', 'age', 'ear', 'lose', 'sensitivity', 'get', 'old'], ['word', 'screen', 'also', 'influence', 'perception', 'focus', 'word', 'condition', 'brain', 'expect', 'certain', 'acoustic', 'pattern'], ['hear'], ['difference', 'word', 'hear', 'similar', 'viral', 'clip', 'put', 'listener', 'age', 'ear', 'lose', 'sensitivity', 'get', 'old'], ['play', 'video']]"
5594703943933200,"[['want', 'better', 'sleep'], ['add', 'lettuce', 'people', 'find', 'wide', 'awake', 'one'], ['tiktok', 'user', 'share', 'surprise', 'remedy', 'help', 'people', 'hit', 'hay', 'flash', 'lettuce', 'water'], ['video', 'insomniac', 'steep', 'lettuce', 'leaf', 'cup', 'boil', 'water', 'take', 'drink', 'drink', 'leave', 'behind'], ['lettuce', 'contain', 'high', 'amount', 'lactucarium', 'substance', 'help', 'people', 'feel', 'drowsy', 'relaxed'], ['actually', 'work'], ['goodnight'], ['accord', 'video', 'insomniac', 'steep', 'lettuce', 'leaf', 'cup', 'boil', 'water', 'take', 'drink', 'drink', 'leave', 'behind'], ['play', 'video']]"
5595157613887833,"[['cost', 'migraine', 'drug', 'today', 'drop', 'nearly', 'dose', 'give', 'cheap', 'relief', 'ten', 'thousand', 'patient'], ['concern', 'people', 'suffer', 'still', 'pay', 'full', 'price'], ['play', 'video']]"
5595076890562572,"[['federal', 'minister', 'charge', 'age', 'care', 'say', 'bungled', 'vaccine', 'rollout'], ['precious', 'little', 'accord', 'today', 'display', 'canberra'], ['play', 'video']]"
5594886240581637,"[['osaka', 'spark', 'conversation', 'mental', 'health', 'naomi', 'osaka', 'make', 'headline', 'pull', 'french', 'open'], ['reveal', 'long', 'battle', 'anxiety', 'depression', 'shes', 'shone', 'spotlight', 'pressure', 'professional', 'athlete', 'major', 'competition', 'treat', 'star', 'mental', 'health'], ['french', 'open', 'organiser', 'threaten', 'default', 'reign', 'u', 'open', 'australian', 'open', 'champion', 'wake', 'decision', 'boycott', 'press', 'conference', 'say', 'fuel', 'wave', 'anxiety'], ['anyone', 'know', 'know', 'introvert', 'anyone', 'see', 'tournament', 'notice', 'often', 'wear', 'headphone', 'help', 'dull', 'social', 'anxiety', 'osaka', 'say', 'statement'], ['hope', 'osaka', 'move', 'spark', 'positive', 'change'], ['reveal', 'long', 'battle', 'anxiety', 'depression', 'shes', 'shone', 'spotlight', 'pressure', 'professional', 'athlete', 'major', 'competition', 'treat', 'star', 'mental', 'health'], ['play', 'video']]"
5594608793942715,"[['china', 'report', 'bird', 'flu', 'case', 'china', 'national', 'health', 'commission', 'say', 'man', 'eastern', 'jiangsu', 'province', 'contract', 'bird', 'flu'], ['case', 'reportedly', 'infect', 'strain', 'influenza', 'commission', 'say', 'never', 'report', 'human'], ['accord', 'department', 'agriculture', 'EX', 'remote', 'possibility', 'human', 'pandemic', 'influenza', 'develop', 'australia', 'result', 'migratory', 'bird', 'carry', 'avian', 'influenza'], ['case', 'reportedly', 'infect', 'strain', 'avian', 'influenza', 'commission', 'say', 'never', 'report', 'human']]"
5594429547293973,"[['without', 'answer', 'year', 'year', 'belgian', 'backpacker', 'theo', 'hayez', 'vanish', 'night', 'nsw', 'tourist', 'hotspot', 'byron', 'bay'], ['hayez', 'last', 'see', 'leave', 'cheeky', 'monkey', 'bar', 'phone', 'later', 'emit', 'signal', 'famous', 'lighthouse'], ['family', 'group', 'byron', 'local', 'never', 'give', 'search', 'father', 'plan', 'return', 'australia', 'ahead', 'november', 'coroner', 'hearing'], ['laurent', 'hayez', 'make', 'devastating', 'plea', 'first', 'arrive', 'country', 'follow', 'disappearance', 'leave', 'belgium', 'promise', 'little', 'brother', 'lucas', 'bring', 'brother', 'home'], ['please', 'help', 'keep', 'promise'], ['hayez', 'last', 'see', 'leave', 'cheeky', 'monkey', 'bar', 'may', 'phone', 'later', 'emit', 'signal', 'famous', 'lighthouse'], ['play', 'video']]"
1056176971457344,"[['victoria', 'crisis', 'cluster', 'grow', 'case', 'record', 'today', 'new', 'case', 'announce', 'yesterday'], ['minister', 'health', 'martin', 'foley', 'minister', 'disability', 'ageing', 'luke', 'donnellan', 'commander', 'jeroen', 'weimar', 'provide', 'daily', 'update'], ['audio', 'start', 'press', 'conference', 'begin', 'victoria', 'crisis', 'cluster', 'grow', 'case', 'record', 'today', 'new', 'case', 'announce', 'yesterday'], ['minister', 'health', 'martin', 'foley', 'minister', 'disability', 'ageing', 'carers', 'luke', 'donnellan', 'commander', 'jeroen', 'weimar', 'provide', 'daily', 'update'], ['audio', 'start', 'press', 'conference', 'begin', 'play', 'video']]"
5593935247343403,"[['aussie', 'still', 'allowed', 'leave', 'australia', 'international', 'travel', 'ban', 'uphold', 'legal', 'challenge', 'federal', 'court', 'fail'], ['rightwing', 'libertyworks', 'argue', 'government', 'didnt', 'power', 'impose', 'blanket', 'ban', 'australian', 'leave', 'country', 'biosecurity', 'act'], ['group', 'say', 'measure', 'infringe', 'free', 'choice', 'australian', 'citizen', 'grant', 'chance', 'leave', 'australia', 'exceptional', 'circumstance'], ['fourth', 'legal', 'challenge', 'restriction', 'fail', 'beginning', 'pandemic'], ['rightwing', 'libertyworks', 'argue', 'government', 'didnt', 'power', 'impose', 'blanket', 'ban', 'australian', 'leave', 'country', 'biosecurity', 'act']]"
5593826734020921,"[['aussie', 'work', 'australian', 'lose', 'job', 'end', 'jobkeeper', 'payment', 'march', 'treasury', 'secretary', 'say'], ['temporary', 'jobkeeper', 'wage', 'subsidy', 'scheme', 'allow', 'affected', 'pandemic', 'claim', 'payment', 'help', 'keep', 'worker', 'job'], ['wasnt', 'bad', 'news', 'today', 'treasury', 'secretary', 'dr', 'steven', 'kennedy', 'also', 'say', 'unemployment', 'expect', 'cent', 'june', 'current', 'rate', 'cent'], ['underemployment', 'meanwhile', 'currently', 'sit', 'cent', 'many', 'casual', 'worker', 'want', 'hour'], ['temporary', 'jobkeeper', 'wage', 'subsidy', 'scheme', 'allow', 'employer', 'affect', 'pandemic', 'claim', 'payment', 'help', 'keep', 'worker', 'job']]"
5590774784326116,"[['china', 'announces', 'policy', 'china', 'government', 'announce', 'allow', 'couple', 'child', 'bid', 'reverse', 'ageing', 'population'], ['decision', 'put', 'end', 'strict', 'policy', 'announce', 'today', 'change', 'approve', 'politburo', 'meeting', 'news', 'agency', 'xinhua', 'report'], ['earlier', 'month', 'china', 'census', 'show', 'population', 'grow', 'slow', 'rate', 'last', 'decade'], ['decision', 'put', 'end', 'strict', 'policy', 'announce', 'today', 'change', 'approve', 'politburo', 'meeting', 'news', 'agency', 'xinhua', 'report']]"
5590522977684630,"[['scott', 'morrison', 'hold', 'talk', 'new', 'zealand', 'prime', 'minister', 'jacinda', 'ardern', 'cover', 'everything', 'travel', 'bubble', 'relation', 'china'], ['wasnt', 'smile', 'ardern', 'slam', 'australia', 'deportation', 'policy'], ['play', 'video']]"
5590477867689141,"[['former', 'attorney', 'general', 'christian', 'porter', 'claim', 'vindication', 'drop', 'defamation', 'case', 'abc'], ['public', 'broadcaster', 'say', 'damage', 'pay'], ['play', 'video']]"
4891883050839029,"[['easy', 'pancake', 'recipe', 'world'], ['http', 'easy', 'pancake', 'recipe', 'world'], ['http', 'video', 'format', 'currently', 'support', 'mobile', 'site']]"
4894563310571003,"[['ask', 'internet', 'bad', 'guy', 'leave', 'explaining', 'sex', 'challenge'], ['man', 'hesitant', 'marry', 'paraplegic', 'fiance']]"
4894547370572597,"[['victoria', 'outbreak', 'grow', 'case']]"
4894517650575569,"[['royal', 'family', 'face', 'brief', 'window', 'change', 'everything'], ['crucial', 'week', 'prince', 'harry', 'prince', 'william']]"
4894478780579456,"[['thong', 'never', 'look', 'chic'], ['lara', 'worthington', 'stun', 'leather', 'fashion', 'week']]"
4894444343916233,"[['cathy', 'boone', 'live', 'homeless', 'shelter', 'death', 'january', 'last', 'year', 'huge', 'amount', 'money', 'wait'], ['full', 'story', 'http', 'cathy', 'boone', 'live', 'homeless', 'shelter', 'death', 'january', 'last', 'year', 'huge', 'amount', 'money', 'wait'], ['full', 'story', 'http']]"
4894409883919679,"[['urgent', 'search', 'take', 'place', 'state'], ['alarming', 'covid', 'variant', 'victoria', 'edge']]"
4894371510590183,"[['snow', 'queensland'], ['snow', 'queensland'], ['remarkable', 'significant', 'polar', 'weather', 'event', 'set', 'hit', 'significant', 'weather', 'event', 'stir', 'see', 'australia', 'south', 'east', 'plunge', 'winter', 'maelstrom', 'drive', 'rain', 'flooding', 'pound', 'snow', 'plummeting', 'temperature']]"
4894354440591890,"[['sydney', 'resident', 'focus', 'back', 'real', 'battle'], ['garbage', 'bin', 'fight', 'spark', 'heat', 'debate', 'neighbour']]"
4894317093928958,"[['aint', 'woke', 'dont', 'fix'], ['bond', 'genderless', 'range', 'ultimate', 'answer', 'question', 'nobody', 'ask']]"
4894278703932797,"[['skim', 'school', 'many', 'people', 'want', 'say', 'ignorant', 'unaware'], ['aussie', 'tv', 'host', 'never', 'forget', 'shameful', 'mistake']]"
4894241317269869,"[['bold', 'statement', 'bikini', 'shot', 'hide', 'sad', 'truth'], ['naomi', 'osaka', 'trouble', 'transformation', 'awkward', 'teen', 'global', 'icon']]"
4894205010606833,"[['got', 'milk'], ['player', 'anything', 'tiger', 'star', 'call', 'nrl', 'crackdown']]"
4894160253944642,"[['true', 'love', 'find', 'way'], ['bernard', 'tomic', 'apologise', 'wife', 'footage', 'investigate', 'police']]"
4893203704040297,"[['penrith', 'panther', 'last', 'lose', 'regular', 'season', 'nrl', 'game'], ['wests', 'tiger', 'unthinkable']]"
4893154190711915,"[['far', 'ideal', 'game', 'season'], ['fan', 'cringe', 'afl', 'covid', 'farce']]"
4893103830716951,"[['go', 'great', 'father', 'child'], ['heart', 'sank'], ['literally', 'throw', 'bed'], ['affair', 'son', 'SYM', 'shes', 'pregnant']]"
4892960834064584,"[['tell', 'em', 'judy'], ['disrespected', 'judge', 'judy', 'slam', 'network']]"
4892920194068648,"[['violently', 'beat', 'wife', 'front', 'daughter', 'hell', 'spend', 'decade', 'bar'], ['man', 'jail', 'wife', 'cruise', 'ship', 'murder']]"
4891640940863240,"[['haloumi', 'popcorn', 'maple', 'hot', 'sauce'], ['heres', 'recipe', 'http', 'haloumi', 'popcorn', 'maple', 'hot', 'sauce'], ['heres', 'recipe', 'http', 'play', 'video']]"
4892834377410563,"[['adelaide', 'crow', 'request', 'investigation', 'allegation', 'staff', 'player', 'break', 'australian', 'law', 'sunday'], ['afl', 'club', 'embroil', 'allege', 'covid', 'breach']]"
4892794127414588,"[['break', 'child', 'home', 'open', 'fire', 'police'], ['shock', 'video', 'show', 'kid', 'fire', 'cop']]"
4892751344085533,"[['classic', 'case', 'insta', 'FW', 'reality', 'emerge', 'online', 'influencer', 'catch', 'fan', 'appear', 'fly', 'business', 'class'], ['detail', 'http', 'classic', 'case', 'insta', 'FW', 'reality', 'emerge', 'online', 'influencer', 'catch', 'fan', 'appear', 'fly', 'business', 'class'], ['detail', 'http']]"
4892710224089645,"[['woman', 'neglect', 'pet', 'badly', 'starve', 'husky', 'leave', 'desperate'], ['cruel'], ['woman', 'neglect', 'pet', 'badly', 'starve', 'husky', 'leave', 'desperate'], ['starving', 'dog', 'force', 'eat', 'corpse']]"
4892666794093988,"[['know', 'mind', 'know', 'mind', 'tragic', 'text', 'fiance', 'horror', 'crash']]"
4891891590838175,"[['get', 'bin', 'chicken', 'slipper', 'take', 'money'], ['play', 'video']]"
4892585010768833,"[['cathy', 'boone', 'live', 'homeless', 'shelter', 'huge', 'amount', 'money', 'wait'], ['homeless', 'woman', 'die', 'bank']]"
4892546147439386,"[['health', 'official', 'seem', 'turn', 'blind', 'eye'], ['sneaky', 'way', 'people', 'jump', 'vaccine', 'queue']]"
4892507874109880,"[['always', 'protect'], ['feel', 'responsible', 'even', 'EX', 'nothing', 'always', 'protect'], ['feel', 'responsible', 'even', 'EX', 'nothing', 'woman', 'maul', 'dog', 'take', 'help']]"
4892469760780358,"[['say', 'jealous', 'woman', 'report', 'hot'], ['twitter', 'ban', 'woman', 'hot']]"
4892433687450632,"[['murray', 'blackmore', 'reveal', 'life', 'look', 'polygamist', 'commune', 'internet', 'question'], ['sibling', 'dad', 'side', 'im']]"
4879834805377187,"[['sydney', 'pet', 'owner', 'training', 'cat', 'handle', 'mouse', 'plague'], ['sydney', 'pet', 'owner', 'training', 'cat', 'handle', 'mouse', 'plague'], ['play', 'video']]"
4892363757457625,"[['crikey'], ['crikey'], ['horror', 'photo', 'croc', 'popular', 'beach']]"
4892321607461840,"[['anymore', 'feel', 'f', 'ing', 'loser'], ['kim', 'kardashian', 'break', 'marriage', 'failure']]"
4892285804132087,"[['believe', 'native', 'bird', 'die', 'eat', 'mouse', 'bait', 'target', 'nsw', 'mouse', 'plague'], ['heartbreaking'], ['believe', 'native', 'bird', 'die', 'eat', 'mouse', 'bait', 'target', 'nsw', 'mouse', 'plague'], ['horror', 'hundred', 'galahs', 'find', 'dead']]"
4892250184135649,"[['come', 'manage', 'pandemic', 'australia', 'victim', 'success'], ['australia', 'embarrassingly', 'world']]"
4892211714139496,"[['american', 'make', 'endless', 'video', 'culture', 'shock', 'get', 'move', 'australia', 'really', 'leave', 'baffle'], ['detail', 'http', 'american', 'make', 'endless', 'video', 'culture', 'shock', 'get', 'move', 'australia', 'really', 'leave', 'baffle'], ['detail', 'http']]"
4879794382047896,"[['think', 'person', 'love', 'mcdonalds', 'bit', 'much', 'think', 'person', 'love', 'mcdonalds', 'bit', 'much', 'play', 'video']]"
