post_id,sentences
10162596903039988,"[[""The Finke Desert Race is Australia's toughest off-road race, an annual two-day event that occurs on the Queen's Birthday long weekend (June 11 to 14).""]
 ['ABC.NET.AU Finke Desert Race blow for Victorians as whole state declared hotspot Two hundred competitors and 40 volunteers cannot attend the first Finke Desert Race in two years thanks to the recent Victorian COVID-19 outbreak, which has seen greater Melbourne plunged into its fourth lockdown.']]"
10162596831079988,"[['Victoria is now battling COVID on multiple fronts.']
 ['ABC.NET.AU Live: Melbourne office building, Costco added as exposure sites as investigations continue into source of Delta variant infections Health authorities in two states are still trying to determine how the family who holidayed on the New South Wales South Coast tested positive to the Delta variant of the virus.']
 ['Follow live.']]"
10162596765544988,"[[""A Collins Street office building in Melbourne's CBD and a supermarket at Docklands have been added to Victoria's list of COVID exposure sites, which stands at more than 360.""]
 ['ABC.NET.AU Melbourne CBD office building among COVID-19 exposure sites There are still more than 360 locations listed as exposure sites in Victoria, even after some venues were removed after two cases were deemed false positives earlier this week.']]"
10162596753424988,"[['""All of a sudden we heard a roar about one o\'clock in the morning and thought \'what\'s that?\'.']
 ['We went out the back of the house and we were surrounded by water.""']
 [""ABC.NET.AU 'Like a tsunami': The flood disaster this town will never forget It has been five years since devastating floodwaters washed through the Tasmanian town of Latrobe.""]
 ['But a number of measures that could prevent a similar event today are yet to be implemented.']]"
10162596733979988,"[['Are you eligible and how will you avoid the wait times?']
 [""Here's your go-to guide to Queensland's COVID vaccine hubs.""]
 [""ABC.NET.AU New COVID vaccine hubs open in Queensland this weekend ‚Äî here's where you can get the jab More COVID-19 vaccine hubs are open across Queensland this weekend as more people look to get their first jab.""]
 ['Find out if you are eligible and where can you get your first dose.']]"
10162596710079988,"[['1.']
 ['New cases ‚Äî are they linked?']
 ['ABC.NET.AU Victoria is now battling COVID on multiple fronts.']
 [""Here are four things to watch Victoria's coronavirus outbreak takes a concerning turn with authorities now fighting both the Kappa and Delta variants.""]]"
10162594346794988,"[['Hope after heartbreak 18 months onüíî Kangaroo Island was devastated by deadly bushfires 18 months ago.']
 ['For some, it meant losing their house, livelihood, and loved ones.']
 ['Now, the region is finally healing - and so is the community.']
 ['Hope after heartbreak 18 months onüíî  Kangaroo Island was devastated by deadly bushfires 18 months ago.']
 ['Play Video']]"
10162596581899988,"[['A junior AFL club in Queensland has taken the ""drastic step"" of banning parents from the sidelines after a spate of clashes between spectators, teenage umpires and volunteers.']
 ['ABC.NET.AU Parents banned from sidelines of Gold Coast junior AFL games']]"
10162596574399988,"[[""Apathy, strength, complacency, commitment: we've seen two sides of the pandemic response this week, writes Virginia Trioli.""]
 [""ABC.NET.AU ANALYSIS: With lockdown, a new variant and vaccine shambles, we're hanging by a thread this week""]]"
10162596569159988,"[['The pandemic saw the remote East Kimberley effectively cut off from the rest of Australia to protect its vulnerable Indigenous population.']
 ['But signs of life are returning and lessons in resilience abound.']
 [""ABC.NET.AU It's always darkest before the dawn on the road of COVID recovery""]]"
10162593113174988,"[['""I really cherish the time I had with my second daughter.']
 ['I definitely feel that we got to bond a lot.""']
 ['| ABC EVERYDAY  ""I really cherish the time I had with my second daughter.']
 [""| ABC EVERYDAY  ABC.NET.AU Why Tarun wishes he'd taken parental leave for his first baby Tarun Rajan took advantage of his employer's generous paid parental leave scheme ‚Äî and he's so glad he did.""]
 [""His only regret is that he didn't know about it when his first child was born.""]]"
10162596423219988,"[['We know very little about our mysterious planetary neighbour.']
 ['Here is what the two newly announced missions to Venus will aim to find out.']
 ['ABC.NET.AU Why is NASA suddenly so keen on Venus?']
 ['Here are five reasons']]"
10162596421924988,"[[""Forty-four climbers claim to have achieved the stunning feat of climbing to the peak of 14 of the world's highest mountains.""]
 [""But Australian Damien Gildea says there's a question mark over almost all of them.""]
 [""ABC.NET.AU Only 44 climbers claim to have reached the world's 14 highest peaks.""]
 ['But did they really get there?']]"
10162596420089988,"[[""As claimants continue to line up, the payout from the successful class action against the federal government's live export ban in 2011 seems likely to soar well past the initial $600 million estimate.""]
 [""ABC.NET.AU Government's 'unlawful' live export ban set to cost around $800m, as more cattle producers rally for class action""]]"
10162596417319988,"[['With its showpiece event looming, the game of rugby league is facing an existential threat over its level of physicality and the long-term health of players.']
 ['ABC.NET.AU ANALYSIS: Is rugby league facing an existential crisis?']]"
10162596414999988,"[['The social media company plans to review the ban at the end of the two years and will end a policy where politicians are exempt from hate speech rules.']
 [""ABC.NET.AU Facebook bans Donald Trump for two years for 'public safety'""]]"
10162596413329988,"[['The Reserve Bank is throwing just about everything it has at boosting wages and inflation, but all it seems to be achieving are surging asset prices, further widening the gap between the haves and have-nots.']
 ['ABC.NET.AU ANALYSIS: Are your future pay rises destined for the pockets of investors?']]"
10162596412019988,"[[""Public housing tower residents who endured the nation's harshest hard lockdown last year say they are concerned not enough has been done by Victorian authorities to support the communities during the Melbourne outbreak.""]
 ['ABC.NET.AU Public housing residents threatened by Delta cluster call for increased tower cleaning']]"
10162596410434988,"[[""As Chinese authorities push urban couples to have three children to boost the country's ailing fertility rates, young people counter with a lifestyle centred around minimising spending, working and socialising.""]
 [""ABC.NET.AU China wants more babies, but young people are 'lying flat'""]]"
10162596409349988,"[['Naomi Moran left high school to work in Indigenous media.']
 [""Now she's the manager of the Koori Mail and chair of the peak body for Indigenous not-for-profit broadcasting, media, and communications.""]
 [""ABC.NET.AU Naomi is one of Indigenous media's most important voices.""]
 [""Here's how she wants to empower young women""]]"
10162596408014988,"[[""Four years after a fire ripped through the 24-storey Grenfell Tower in London in June 2017, claiming 72 lives, there are fresh fears about the opaque nature of Australia's building product safety approval processes.""]
 ['ABC.NET.AU Could a Grenfell Tower 2.0 disaster happen in Australia?']
 ['One politician fears there‚Äôs no way to properly check']]"
10162596404899988,"[['Bias Ramadhan received calls from eight separate law firms offering to sue on his behalf after his mother died in the Lion Air plane crash.']
 [""But two and half years later, he's had to sue again, to get some of the money owed to him from his settlement.""]
 ['ABC.NET.AU The plane crash, the Real Housewife and the missing millions: Why Indonesian families claim an LA lawyer embezzled their money']]"
10162596403349988,"[['The last fortnight has hardly been consistent with the Morrison strategy of winning an election based on its excellent management of the pandemic, writes Laura Tingle.']
 [""ABC.NET.AU ANALYSIS: A picture emerges of Morrison's government ‚Äî late to the party and not in control""]]"
10162596401499988,"[['The government said housing would ""always be supported"" in last month\'s budget but it was a bold claim, write Yogi Vidyattama and John Hawkins.']
 ['ABC.NET.AU ANALYSIS: Looking to buy a house?']
 [""Here's what the government did to make it possible (hint: not much)""]]"
10162594878674988,"[['Global food prices were at their highest level in nearly a decade in May, soaring 40 per cent above costs a year ago, the UN Food and Agriculture Organization has said.']
 ['ABC.NET.AU UN says global food prices have reached their highest mark in a decade The UN Food and Agriculture Organization says global food prices were at their highest level in nearly a decade in May, soaring 40 per cent above costs a year ago.']]"
10162593589789988,"[['Some comfort for those doing it tough during COVID: When Joshua Coombes began offering haircuts on the streets of London, it was not only transformative for the strangers he met, but also for the former hairdresser himself.']
 ['Some comfort for those doing it tough during COVID:  When Joshua Coombes began offering haircuts on the streets of London, it was not only transformative for the strangers he met, but also for the former hairdresser himself.']
 ['Play Video']]"
10162594580719988,"[['The Delta variant of coronavirus, associated with India and the UK and known to be more infectious than other strains, has been picked up in Victoria through genomic sequencing.']
 ['ABC.NET.AU What we know about the highly infectious Delta COVID variant']]"
10162594333394988,"[['State and territory leaders met again today for National Cabinet and discussed everything from whether aged care workers should be forced to get the vaccine, to expanding the rollout to people over 40.']
 [""ABC.NET.AU Missed the PM's latest press conference?""]
 ['Catch up on the key moments State and territory leaders met again today for National Cabinet and discussed everything from whether aged care workers should be forced to get the vaccine, to expanding the rollout to people over 40.']]"
10162594218594988,"[['US intelligence officials have found no evidence that a series of unidentified aerial phenomena observed by navy aviators in recent years were alien spacecraft, but the sightings remain unexplained in a highly anticipated government report.']
 ['ABC.NET.AU China, Russia ‚Ä¶ or aliens?']
 ['Unidentified aerial sightings remain a mystery to US intelligence US intelligence officials have found no evidence that a series of unidentified aerial phenomena observed by navy aviators in recent years were alien spacecraft, but the sightings remain unexplained in a highly anticipated government report.']]"
10162594091314988,"[['""I think that whoever\'s organised it needs to get the communication right and get it out there,"" she said.']
 [""ABC.NET.AU 'Get it out there': Confusion and lack of communciation ahead of Queensland's weekend of mass vaccinations Gabrielle Bright was meant to be at the front of the queue at one of Queensland‚Äôs vaccination hubs, but the disability support worker had no idea it was happening this weekend.""]]"
10162594032659988,"[['Itching to get out of Western Australia but too nervous to book a flight?']
 [""You're not alone.""]
 ['ABC.NET.AU Is there any point booking an interstate holiday from WA?']
 ['With the West Australian border pinging open and shut to various states at different times in recent months, it is easy to be confused about where you can travel and what the risks are.']]"
10162593912604988,"[[""A few days into Melbourne's fourth lockdown Anna Plum did a full audit of her kitchen to see if she had enough food to feed her family.""]
 [""ABC.NET.AU 'My family has survived lockdown because of strangers on Twitter' When Victoria went into lockdown Anna tweeted about her fears of not being able to keep food on the table or a roof overhead for her kids.""]
 [""Within hours she was 'overwhelmed' with offers of assistance.""]]"
10162593881264988,"[['The federal government will fund construction of a purpose-built quarantine hub in Victoria, but a site for the facility has not yet been chosen.']
 ['ABC.NET.AU New quarantine hub to be built in Victoria, site yet to be confirmed The Victorian government and the Commonwealth have reached a deal for a purpose-built quarantine facility at either Mickleham or Avalon.']]"
10162593851479988,"[['Vaccination hubs will be available to participants in the National Disability Insurance Scheme as well as their primary carers.']
 ['ABC.NET.AU Dedicated hubs to vaccinate NDIS users against COVID People with disability will have access to dedicated COVID-19 vaccine hubs, as the federal government moves to accelerate the rollout across the sector.']]"
10162593822024988,"[['One in five doctors in Australia have reported being diagnosed with, or treated for depression, according to the 2019 National Mental Health Survey of Doctors and Medical Students.']
 ['ABC.NET.AU Why are doctors across the country wearing mismatched socks?']
 [""Ronelle Andrew says she's struggled with anxiety several times during her medical career.""]
 ['Today she is joining doctors across Australia who are donning bright, fun socks to raise awareness of the mental health challenges for medical professionals.']]"
10162593797419988,"[['""My mother was never allowed to speak in the presence of males.""']
 [""ABC.NET.AU 'It's an escape': How art can provide solace for those suffering with mental health issues A new program aims to highlight the mental health challenges faced by artists, and how art is used as a coping mechanism.""]]"
10162593770164988,"[[""China's leader Xi Jinping may be seeking to rein in the more unruly elements of China's Wolf Warrior-style of diplomacy, writes Bill Birtles.""]
 [""ABC.NET.AU ANALYSIS: How Xi Jinping wants to change the way China is seen by the world After several years of a noticeably more assertive shift in China‚Äôs diplomatic and media tone, Xi Jinping has dropped the first hint that the country's confrontational style needs adjustment, writes Bill Birtles.""]]"
10162593734574988,"[[""Victoria has recorded four new locally acquired COVID-19 cases, taking the state's outbreak to 65.""]
 [""ABC.NET.AU No early end to Melbourne's lockdown planned as Victoria records four new local COVID cases Acting Premier James Merlino hosed down any expectations of the lockdown lifting early in light of the false positives revealed last night.""]]"
4611260688893544,"[['Authorities are racing to determine how a Victorian family contracted the Delta variant of the virus, which was first detected in India and is different to the Kappa variant that sparked the state‚Äôs latest outbreak.']
 ['SBS.COM.AU Victoria records five new local cases of coronavirus amid scramble to find source of Delta variant Authorities are racing to determine how a Victorian family contracted the Delta variant of the virus, which was first detected in India and is different to the Kappa strain that sparked the state‚Äôs latest outbreak.']]"
4611044175581862,"[['The Beautiful Bunch gives training and job opportunities to women from migrant and refugee backgrounds.']
 [""'Working with us is a life-changing opportunity for many young women.'""]
 ['SBS.COM.AU Staff at this unique Melbourne flower shop are grateful it can remain open during lockdown Social enterprise The Beautiful Bunch employs women from migrant and refugee backgrounds.']
 [""At a time when many are struggling to find work, the women remain employed and able to deliver flowers to people's loved ones.""]]"
4610963798923233,"[['Facebook also said it will no longer give politicians blanket immunity for deceptive or abusive content at the social network based on their comments being newsworthy.']
 [""SBS.COM.AU Citing public safety risk, Facebook says Donald Trump will be suspended from its platform for at least two years Facebook has suspended former US president Donald Trump until at least January 2023 and announced changes to how it will treat world leaders who break the company's rules on postings on its site.""]]"
4609356892417257,"[[""Tens of thousands usually gather at Victoria Park to commemorate China's crackdown on pro-democracy protests in Tiananmen Square in 1989.""]
 ['For a second year, police banned the vigil, citing COVID-19.']
 [""SBS.COM.AU Hong Kong police cordon off annual Tiananmen vigil site and arrest organiser on anniversary Thousands of officers are expected to patrol the city's streets on Friday to prevent gatherings of people lighting candles for the pro-democracy protesters killed by Chinese troops in Beijing 32 years ago.""]]"
4609191125767167,"[[""Labor has described the leaked strategy as evidence the government is attempting to 'steamroll through controversial independent assessments while faking consultation'.""]
 ['SBS.COM.AU Linda Reynolds defends controversial leaked NDIS independent assessments marketing strategy Labor has described the leaked strategy as evidence the government is attempting to ‚Äústeamroll through controversial independent assessments‚Äù for the NDIS while ‚Äúfaking‚Äù community consultation.']]"
4608843839135229,"[[""'The main impact of this hotline is to increase stress and anxiety for people already having a hard time looking for more paid work ... struggling to survive on $44 day.'""]
 [""SBS.COM.AU Welfare groups are outraged after Stuart Robert spruiks new 'dobseeker' figures Of 250 people dobbed into the hotline who are still under investigation, 59 reviews have been completed, with compliance action taken against just eight.""]]"
4608774465808833,"[[""The prime minister has hit out at the ABC's Four Corners program over an unaired episode that reportedly links him to a supporter of the QAnon conspiracy theory.""]
 [""SBS.COM.AU PM Scott Morrison rejects 'deeply offensive' reports linking him to QAnon Prime Minister Scott Morrison has hit out at the ABC's Four Corners program over an unaired episode that reportedly links him to a supporter of the QAnon conspiracy theory.""]]"
4608285065857773,"[['This chemical-laden cargo ship sunk off the coast of Sri Lanka, potentially spilling 350 tonnes of fuel and causing the country‚Äôs worst-ever environmental disaster.']
 ['Play Video']]"
4608627115823568,"[[""Minister for the NDIS, Linda Reynolds, issued an unreserved apology to the family, telling them the breach 'should not have happened'.""]
 ['SBS.COM.AU The NDIA leaked personal details to an abusive ex-partner.']
 ['Now they\'re launching an investigation Minister for the National Disability Insurance Scheme, Linda Reynolds, issued an unreserved apology to the family, telling them the breach ""should not have happened"".']]"
4608472305839049,"[['Around 180 people were killed during the Jewish festival of Shavuot in 1941.']
 ['Eighty years later, one survivor hopes her story will inspire kindness.']
 [""SBS.COM.AU Eighty years after Iraq's deadly Farhud riots, this survivor is still hoping for peace Around 180 people were killed during the Jewish festival of Shavuot in 1941.""]]"
4608471622505784,"[[""Scott Morrison has announced national cabinet has agreed to an 'in-principle disposition' towards requiring aged care workers to have mandatory vaccinations.""]
 ['SBS.COM.AU Australia\'s leaders are leaning \'heavily\' towards mandatory vaccinations for aged care workers Prime Minister Scott Morrison has announced national cabinet has agreed to an ""in-principle disposition"" towards requiring aged care workers to have mandatory vaccinations.']]"
998329427573813,"[['Prime Minister Scott Morrison is speaking from Canberra following a National Cabinet meeting on the Victorian lockdown.']
 ['Play Video']]"
4608403622512584,"[[""Health authorities are on alert as a new COVID-19 variant turns up in Victoria's outbreak.""]
 ['It remains unclear how the family were infected with the variant.']
 [""SBS.COM.AU A new COVID-19 variant 'of significant concern' and another four local cases emerge in Victoria Victoria has recorded four new virus cases, with authorities confirming the detection of a new COVID-19 variant in the state's outbreak.""]]"
4608165479203065,"[['Between hills of rubble, Palestinians sit inside a makeshift tent where their Beit Hanoun house once stood before Israeli airstrikes took it down.\u2063 \u2063 Palestinians have started returning to their towns after a‚Ä¶ More ceasefire came into effect on 21 May.']
 ['\u2063In 11 days of fighting between Israel and militants in Gaza, at least 232 Palestinians and 12 Israelis were killed.\u2063 \u2063 Now, Gaza is in the grips of a humanitarian crisis.']
 ['With half already living below the poverty line before the fighting broke out, a bad situation has become worse.\u2063 \u2063 üì∏: Getty Images, AAP  Between hills of rubble, Palestinians sit inside a makeshift tent where their Beit Hanoun house once stood before Israeli airstrikes took it down.\u2063 \u2063 Palestinians have started returning to their towns after a ceasefire came into effect on 21 May.']
 ['With half already living below the poverty line before the fighting broke out, a bad situation has become worse.\u2063 \u2063 üì∏: Getty Images, AAP']]"
4608273169192296,"[[""The teenager slams the state's decision to ban abortion at six weeks calling it 'gut-wrenching,' 'dehumanising' and a 'war' on women's rights during a defiant high school graduation speech.""]
 ['SBS.COM.AU A Texas valedictorian takes aim at the state\'s \'dehumanising\' new abortion law in a viral speech Paxton Smith\'s speech has gone viral after she took aim at Texas\' banning of abortion at six weeks, telling classmates it was ""gut-wrenching"" to ""have the autonomy over your own body taken from you"".']]"
4608215002531446,"[['Hard-right leader Naftali Bennett and secular centrist Yair Lapid form a coalition, united in their desire to topple the longstanding Benjamin Netanyahu.']
 ['The deal will see the pair alternate leadership during their time in office.']
 ['SBS.COM.AU Israel eyes the end of an era after Benjamin Netanyahu foes strike a deal to unseat him The Israeli prime minister has scorned as ""dangerous"" and ""left-wing"" a cross-partisan coalition cobbled together by his rivals to unseat him.']]"
317553223160661,"[['Victorian health authorities are providing a COVID-19 update after the federal government agreed to support the state‚Äôs proposal for a dedicated quarantine facility.']
 ['Play Video']]"
4608099932542953,"[['After the Chinese government‚Äôs brutal crackdown on pro-democracy protesters in 1989, tens of thousands of students and scholars fled to Australia - but the drive for change never left.']
 ['- via SBS‰∏≠Êñá  After the Chinese government‚Äôs brutal crackdown on pro-democracy protesters in 1989, tens of thousands of students and scholars fled to Australia - but the drive for change never left.']
 ['- via SBS‰∏≠Êñá  SBS.COM.AU This father and daughter continue their pro-democracy push 32 years after Tiananmen After the Chinese government‚Äôs brutal crackdown on pro-democracy protesters in 1989, tens of thousands of students and scholars fled to Australia.']
 ['Their children are now a similar age to their parents when they first arrived.']
 ['Exiled academic Chongyi Feng and his daughter Yunsi reflect on the Tiana...']]"
4608082772544669,"[[""One expert says ASEAN's diplomacy efforts were 'dead on arrival'.""]
 ['SBS.COM.AU ASEAN envoys arrive in a coup-stricken Myanmar for talks with the junta chief ASEAN has led diplomatic efforts to resolve the crisis in Myanmar, but observers have questioned how effectively it can influence events in the country.']]"
4608031025883177,"[[""Victoria's acting premier says a dedicated quarantine facility similar to the Howards Spring facility outside Darwin would offer a safer alternative to hotel quarantine.""]
 [""SBS.COM.AU Victoria records four new local COVID-19 cases as state and Commonwealth reach quarantine facility deal Victoria's acting premier says a dedicated quarantine facility similar to the Howard Springs facility outside Darwin would offer a safer alternative to hotel quarantine.""]]"
4607830525903227,"[['After the much needed rain last year, NSW rice farmer Robert Andreazza hoped his next harvest would come in 10 times higher than the last.']
 ['Then he noticed mice in the paddocks.']
 [""SBS.COM.AU Australia's rice farmers were counting on a huge harvest.""]
 ['Then the mice arrived Farmers in the Riverina region of New South Wales are celebrating a bumper rice harvest.']
 ['But a mouse plague is raising fears about the region‚Äôs long-awaited revival.']]"
4607828332570113,"[['Nanaia Mahuta says New Zealand remains ‚Äúpredictable and consistent‚Äù in its relations with China against the backdrop of a tense geopolitical environment in the region.']
 ['SBS.COM.AU New Zealand\'s foreign minister has downplayed the possibility of economic coercion from China New Zealand‚Äôs Foreign Minister, Nanaia Mahuta, tells SBS News the country has ""a respectful relationship"" with China but there are areas where the two countries disagree.']]"
4607793225906957,"[[""Hong Kongers are seeking innovative ways to commemorate the victims of China's deadly Tiananmen Square crackdown after authorities banned an annual vigil and vowed to stamp out any protests come Friday's anniversary.""]
 ['SBS.COM.AU Hong Kongers are seeking creative ways to mark the Tiananmen anniversary after a vigil was banned Human rights group Amnesty International says people in Hong Kong must not be punished for peacefully paying their respects to those killed in the Tiananmen Square student-led protests on 4 June, 1989.']]"
4606215189398094,"[[""These graduates from the US' Wilberforce University cheered and danced when they were told all their student debt would be forgiven during their graduation ceremony.""]
 ['Play Video']]"
4606305479389065,"[[""'They have found this a good country ...""]
 [""I'm quite certain that they will return.'""]
 [""SBS.COM.AU India's High Commissioner confident travel ban hasn't turned international students off Australia India's High Commissioner to Australia says students are invested in Australia and will return in what is a promising sign for the country's COVID-ravaged higher education sector.""]]"
4606169396069340,"[[""'We have seen from what happened at Juukan Gorge that our community expects better when it comes to protection of our priceless and irreplaceable Aboriginal heritage.'""]
 [""SBS.COM.AU WA gas project would threaten Indigenous rock art and produce more pollution than Adani, environmentalists warn Environmentalists have made a last-ditch rally against Woodside's Scarborough gas proposal, saying it would produce greater pollution than the Adani coal mine.""]]"
4606064829413130,"[[""'If a yes is not enthusiastic then it‚Äôs a maybe, even a no'.""]
 [""Women's safety advocates say a federal government online resource that teaches students about sexual consent remains littered with 'harmful and contradictory' advice.""]
 [""SBS.COM.AU 'Harmful' content remains on website behind controversial milkshake consent video, safety groups say There are concerns that harmful language and contradictory statements about sexual consent remain on a government online resource, despite the federal department responsible insisting the site's content had been reviewed.""]]"
4605978056088474,"[['Foreign Minister Marise Payne says Australia will not impose further sanctions on Myanmar‚Äôs military leadership because the move would restrict our national influence.']
 [""SBS.COM.AU Marise Payne defends Australia's refusal to impose sanctions after Myanmar coup Australia is resisting global pressure to impose sanctions on the military junta behind Myanmar's violent coup - despite major allies punishing the regime.""]]"
4605902616096018,"[['The Victorian government has received an agreement from the federal government for its plan to build a dedicated quarantine facility in the state.']
 ['SBS.COM.AU Three new COVID-19 cases recorded in Victoria as federal government green-lights quarantine facility The Victorian government has received a Memorandum of Understanding from the federal government for its plan to build a dedicated quarantine facility in the state.']]"
4605611579458455,"[['Prime Minister Scott Morrison has announced payments of up to $500 a week for people who are caught in COVID-19 lockdowns but only if the lockdown is for more than seven days in a row.']
 ['Play Video']]"
4605468456139434,"[[""This US high school valedictorian ditched her pre-approved high school graduation speech and instead passionately criticised Texas' controversial new ban on abortion.""]
 ['Play Video']]"
4605649026121377,"[[""The social services minister has apologised after a child abuse survivor's private details such as their address, phone number and bank details were uploaded to someone else's myGov account.""]
 [""SBS.COM.AU Minister apologises after child abuse survivor's details were shared in major security breach The social services minister and her department have apologised for a major security breach, after an abuse survivor's details were shared with a stranger.""]]"
4605290589490554,"[['June 14th will mark two years since the residents of Mascot Towers were told to evacuate over structural concerns.']
 ['SBS.COM.AU Owners are in a last-ditch attempt to recoup losses two years after the Mascot Towers evacuation The Mascot Towers debacle in which hundreds of apartment owners were forced to evacuate the building has led to a raft of legislative changes, yet the 132 unit owners say they have been left forgotten.']
 ['Now many who were once ""silent"" have come forward, ahead of a vote to decide their future, as a la...']]"
4605282292824717,"[['The figure was revealed in Senate estimates as Labor Senator Penny Wong scolded the federal government over its failure to establish quarantine facilities to return Australians home.']
 ['SBS.COM.AU More than 200 Australian children remain stuck in coronavirus-ravaged India The figure was revealed in Senate estimates as Labor Senator Penny Wong scolded the federal government over its failure to establish quarantine facilities to return Australians home.']]"
4605430872809859,"[['Australians who have endured coronavirus lockdown for more than seven days in a row are eligible for new support payments.']
 ['SBS.COM.AU Melburnians struggling under COVID lockdown now eligible for payments of up to $500 per week The federal government has announced new financial support measures for regions that are locked-down for more than seven days in a row.']]"
4605243816161898,"[[""Canada's Indigenous services minister says it is 'shameful' that the Pope has never formally apologised for abuses at the country's Catholic-run Indigenous residential schools, which he termed 'labour camps'.""]
 [""SBS.COM.AU A Canadian politician has supported calls for a papal apology over abuses at Indigenous schools Canada's Indigenous services minister has supported growing calls for a papal apology over abuses at Catholic-run Indigenous residential schools, after the remains of 215 children were found in unmarked graves at one such school.""]]"
473785593921368,"[['Prime Minister Scott Morrison and Treasurer Josh Frydenberg are announcing emergency support for Victorians in lockdown.']
 ['Play Video']]"
4605118892841057,"[[""The former police officer's lawyers claim he is guilty of 'an error made in good faith'.""]
 [""SBS.COM.AU Derek Chauvin is seeking a sentence of time served and probation for George Floyd's murder The then-police officer was captured on video kneeling on the neck of unarmed black man George Floyd for more than nine minutes until he passed out and died, while ignoring the victim's pleas for air and help.""]]"
4470357926345343,"[['Victoria has recorded five new local cases of coronavirus, taking the outbreak total to 69.']
 ['More than 36,000 test results were received overnight.']
 ['Details: http://9Soci.al/ZjH650F3uRe #9News | Nightly at 6.00pm  Victoria has recorded five new local cases of coronavirus, taking the outbreak total to 69.']
 ['Details: http://9Soci.al/ZjH650F3uRe  #9News | Nightly at 6.00pm']]"
4470320183015784,"[[""Police in Perth have managed to arrest a man following a nearly two-day manhunt across the city after he allegedly went on a 'relentless' rampage yesterday.""]
 [""#9News | Nightly at 6.00pm  Police in Perth have managed to arrest a man following a nearly two-day manhunt across the city after he allegedly went on a 'relentless' rampage yesterday.""]
 [""#9News | Nightly at 6.00pm  9NEWS.COM.AU Perth man arrested after 'relentless' rampage sparking police manhunt""]]"
4470233286357807,"[['Melbourne‚Äôs top restaurants are losing a combined one million dollars every week in lockdown and owners across 10 of the cities most iconic venues have come together to issue a heart-breaking warning.']
 ['#9News | Nightly at 6.00pm  Melbourne‚Äôs top restaurants are losing a combined one million dollars every week in lockdown and owners across 10 of the cities most iconic venues have come together to issue a heart-breaking warning.']
 ['#9News | Nightly at 6.00pm  Play Video']]"
4470219293025873,"[['A driver has been charged with high range drink driving, after allegedly crashing his car into the front bedroom of a Sydney home overnight.']
 ['Details: http://9Soci.al/HDYl50F3t3u #9News | Nightly at 6.00pm  A driver has been charged with high range drink driving, after allegedly crashing his car into the front bedroom of a Sydney home overnight.']
 ['Details: http://9Soci.al/HDYl50F3t3u  #9News | Nightly at 6.00pm']]"
4470201453027657,"[['Several states are bracing for a cold and windy start to the weekend with weather warnings in place for six of the eight states and territories.']
 ['#9News | Nightly at 6.00pm  Several states are bracing for a cold and windy start to the weekend with weather warnings in place for six of the eight states and territories.']
 ['#9News | Nightly at 6.00pm  9NEWS.COM.AU Cold and windy weekend for several states Brisk winds in the wake of a front are bringing showers to coastal northeast NSW, eastern Victoria and west...']]"
4470159889698480,"[['Facebook announced that former US President Donald Trump would be suspended from its platform until at least January 7th, 2023 ‚Äî two years from when he was initially suspended.']
 ['#9News | Nightly at 6.00pm  Facebook announced that former US President Donald Trump would be suspended from its platform until at least January 7th, 2023 ‚Äî two years from when he was initially suspended.']
 ['#9News | Nightly at 6.00pm  9NEWS.COM.AU Facebook says Trump now suspended until at least January 2023']]"
4470104883037314,"[['Melbourne is staring down the barrel of a longer lockdown as authorities scramble to find the source of a second highly infectious strain of COVID-19, with seven people testing positive in Victoria to the Delta mutation.']
 ['#9News | Nightly at 6.00pm  Melbourne is staring down the barrel of a longer lockdown as authorities scramble to find the source of a second highly infectious strain of COVID-19, with seven people testing positive in Victoria to the Delta mutation.']
 ['#9News | Nightly at 6.00pm  Play Video']]"
4470033619711107,"[['Russian President Vladimir Putin signed a new law banning individuals designated as ""extremists"" from running for public offices, a move condemned by the opposition as an effort to further limit political competition.']
 ['#9News | Nightly at 6.00pm  Russian President Vladimir Putin signed a new law banning individuals designated as ""extremists"" from running for public offices, a move condemned by the opposition as an effort to further limit political competition.']
 [""#9News | Nightly at 6.00pm  9NEWS.COM.AU Putin signs law banning 'extremists' from running in elections, on Navalny's birthday""]]"
4469990119715457,"[['Many residents in regional Victoria celebrated their first night out of lockdown by dining out yesterday.']
 ['#9News | Nightly at 6.00pm  Many residents in regional Victoria celebrated their first night out of lockdown by dining out yesterday.']
 ['#9News | Nightly at 6.00pm  9NEWS.COM.AU Regional Victorians celebrate freedom after lockdown ends']]"
4469834266397709,"[['Victoria will be the first state to receive the new Temporary COVID Disaster Payment package.']
 ['Announced today by Prime Minister Scott Morrison, those who qualify could be paid up to $500 for a seven-day lockdown period.']
 ['#9News | Nightly at 6.00pm  Victoria will be the first state to receive the new Temporary COVID Disaster Payment package.']
 ['#9News | Nightly at 6.00pm  9NEWS.COM.AU How to qualify for the Temporary COVID Disaster Payment The Federal Government has declared a new financial support package to help people living in states and sub...']]"
4469715376409598,"[['The mental health of Victorians is once again a major concern as the state goes through another snap lockdown.']
 ['The CEO of Beyond Blue says the organisation has had a significant rise in people reaching out since the lockdown began.']
 ['#9News | Nightly at 6.00pm  The mental health of Victorians is once again a major concern as the state goes through another snap lockdown.']
 [""#9News | Nightly at 6.00pm  9NEWS.COM.AU Where to get mental health help during Victoria's snap lockdown""]]"
4469590133088789,"[[""Nicole Harrison went to greet to her family's eight-month-old Labrador, Harry, on Wednesday - only to find that the puppy had been taken from their home.""]
 ['The devastated Harrison family has been searching for him ever since.']
 [""#9News | Nightly at 6.00pm  Nicole Harrison went to greet to her family's eight-month-old Labrador, Harry, on Wednesday - only to find that the puppy had been taken from their home.""]
 [""#9News | Nightly at 6.00pm  9NEWS.COM.AU 'Drop him off': Family offers $5000 for safe return of Labrador puppy""]]"
4469458389768630,"[[""A two-year-old and his mother who were in the Tom's Court Medi-Hotel in Adelaide have both been confirmed to have COVID-19.""]
 ['South Australia\'s chief public health officer Nicola Spurrier told reporters that the woman ""is quite unwell"".']
 [""#9News | Nightly at 6.00pm  A two-year-old and his mother who were in the Tom's Court Medi-Hotel in Adelaide have both been confirmed to have COVID-19.""]
 ['#9News | Nightly at 6.00pm  9NEWS.COM.AU Floor of SA quarantine hotel evacuated after infected toddler tested in corridor']]"
4469458379768631,"[[""A two-year-old and his mother who were in the Tom's Court Medi-Hotel in Adelaide have both been confirmed to have COVID-19.""]
 ['South Australia\'s chief public health officer Nicola Spurrier told reporters that the woman ""is quite unwell"".']
 [""#9News | Nightly at 6.00pm  A two-year-old and his mother who were in the Tom's Court Medi-Hotel in Adelaide have both been confirmed to have COVID-19.""]
 ['#9News | Nightly at 6.00pm  9NEWS.COM.AU Floor of SA quarantine hotel evacuated after infected toddler tested in corridor']]"
4469313149783154,"[['A senior paramedic is in hospital with a broken leg after he was allegedly assaulted at work, outside Wollongong Hospital.']
 ['The Wollongong ambulance officer has served for more than three decades.']
 ['#9News | Nightly at 6.00pm  A senior paramedic is in hospital with a broken leg after he was allegedly assaulted at work, outside Wollongong Hospital.']
 ['#9News | Nightly at 6.00pm  9NEWS.COM.AU Senior paramedic has leg broken in alleged attack outside hospital']]"
4469154619799007,"[[""WA Police are scouring Perth's southern suburbs tonight after a man went on a 'relentless' rampage yesterday.""]
 ['The 40-year-old jumped out of a closed window before allegedly attacking two elderly women as he made his escape.']
 [""#9News | Nightly at 6.00pm  WA Police are scouring Perth's southern suburbs tonight after a man went on a 'relentless' rampage yesterday.""]
 [""#9News | Nightly at 6.00pm  9NEWS.COM.AU Manhunt underway in Perth's southern suburbs after man's 'relentless' rampage""]]"
4469019239812545,"[['In just a month and a half, the ""dob in a JobSeeker"" hotline has received more than 300 calls from Queensland alone.']
 ['But another state is responsible for even more calls to the hotline.']
 ['#9News | Nightly at 6.00pm  In just a month and a half, the ""dob in a JobSeeker"" hotline has received more than 300 calls from Queensland alone.']
 [""#9News | Nightly at 6.00pm  9NEWS.COM.AU One-in-four calls to 'dob in a JobSeeker' hotline from Queensland The Federal Government's 'dob in a Jobseeker' hotline has received an influx in calls from business owners ...""]]"
4468882653159537,"[[""The final plans for what the terminals at Sydney's second airport will look like have been revealed.""]
 ['The Badgerys Airport CEO hopes the airport will also be a hub for food, with increased space for shops, restaurants and cafes.']
 [""#9News | Nightly at 6.00pm  The final plans for what the terminals at Sydney's second airport will look like have been revealed.""]
 [""#9News | Nightly at 6.00pm  9NEWS.COM.AU What the terminals at Sydney's second airport will look like""]]"
4468434773204325,"[['The biggest ever plot to import almost $1 billion worth of cocaine to Sydney has been foiled.']
 ['#9News  The biggest ever plot to import almost $1 billion worth of cocaine to Sydney has been foiled.']
 ['#9News  Play Video']]"
4468483393199463,"[['A ‚Äúdonut day‚Äù has become part of the modern vernacular to mark a day free of any new COVID-19 cases.']
 ['But, the first Friday each June sees a different cause for celebration.']
 ['#9News  A ‚Äúdonut day‚Äù has become part of the modern vernacular to mark a day free of any new COVID-19 cases.']
 ['#9News  Play Video']]"
4468512523196550,"[[""When it comes to #Origin fever, the Johnsons won't be beaten.""]
 [""They may just be the biggest #Maroons fans in Queensland, planning the birth of their second child around next week's game.""]
 [""#9News | Nightly at 6.00pm  When it comes to #Origin fever, the Johnsons won't be beaten.""]
 ['#9News | Nightly at 6.00pm  Play Video']]"
4468418726539263,"[[""Construction of a purpose-built quarantine facility out of Melbourne's CBD could begin within months, but exactly where remains a mystery.""]
 ['City residents have told 9News, they fear more leaks if the project isn‚Äôt completed quickly.']
 [""#9News  Construction of a purpose-built quarantine facility out of Melbourne's CBD could begin within months, but exactly where remains a mystery.""]
 ['#9News  Play Video']]"
4468349726546163,"[['Who has right of way?']
 ['#9News  Who has right of way?']
 ['#9News  9NEWS.COM.AU Who has right of way, the driver or pedestrian?']
 ['Drivers across the country have periodically been caught out for unusual requirements while behind the wheel that result in fines worth hundreds of dollars each, with some even costing millions within years.']]"
4468308083216994,"[['Modern shark populations have not recovered.']
 ['#9News  Modern shark populations have not recovered.']
 ['#9News  9NEWS.COM.AU Sharks nearly went extinct 19 million years ago Sharks nearly went extinct 19 million years agoBy 9News Staff11:27am Jun 4, 2021 Tweet Facebook Mail While examining fossil records from the depths of the ocean scientists discovered sharks were nearly wiped out in a mysterious and ""major extinction event"".Small shark and fish fossils showed shark n...']]"
4468254009889068,"[['The report does not rule out the possibility they are alien spacecraft.']
 ['#9News  The report does not rule out the possibility they are alien spacecraft.']
 [""#9News  9NEWS.COM.AU 'No evidence' Navy pilot UFO encounters were alien spacecraft 'No evidence' Navy pilot UFO encounters were alien spacecraftBy 9News Staff3:13pm Jun 4, 2021 Tweet Facebook Mail US intelligence officials have found no evidence confirming that unidentified flying objects encountered by US Navy pilots in recent years were alien spacecraft.But they also have not re...""]]"
4468174386563697,"[['Australian birds are now getting caught up in the devastating mouse plague.']
 ['#9News  Australian birds are now getting caught up in the devastating mouse plague.']
 ['#9News  9NEWS.COM.AU Warnings after native bird deaths blamed on mouse baiting in NSW']]"
4468115546569581,"[['Piers Morgan is back and taking his fight straight to the palace, SUNDAY on #60Mins  Piers Morgan is back and taking his fight straight to the palace, SUNDAY on #60Mins  Play Video 60 Minutes Australia 19 hrs ¬∑ He duked it out with the duchess and famously got fired.']
 ['Now, Piers Morgan is back and taking his fight straight to the palace.']
 ['SUNDAY on #60Mins, why the king of controversy refuses to be cancelled.']
 ['Play Video  60 Minutes Australia 19 hrs ¬∑ He duked it out with the duchess and famously got fired.']]"
4468071689907300,"[['As well as a housing shortage, the city also suffers a major shortage of car parks.']
 ['#9News  As well as a housing shortage, the city also suffers a major shortage of car parks.']
 ['#9News  9NEWS.COM.AU Car parking space sells for $1.7 million']]"
4467964396584696,"[[""Nearly 20 years since the last Concorde flight, there's a new plan to bring back supersonic travel.""]
 ['US airline United has announced a deal with start-up company Boom Supersonic that could see new jets carrying‚Ä¶ More passengers faster than the speed of sound by the end of the decade.']
 [""MORE: http://9Soci.al/jaqd30rJMOe Full story, 6.00pm tonight on #9News  Nearly 20 years since the last Concorde flight, there's a new plan to bring back supersonic travel.""]
 ['US airline United has announced a deal with start-up company Boom Supersonic that could see new jets carrying passengers faster than the speed of sound by the end of the decade.']
 ['MORE: http://9Soci.al/jaqd30rJMOe  Full story, 6.00pm tonight on #9News  Play Video']]"
4467945353253267,"[['The government has confirmed it is seeking to enforce a mandatory vaccination regime for aged care and disability care workers.']
 ['What do you think?']
 ['#9News  The government has confirmed it is seeking to enforce a mandatory vaccination regime for aged care and disability care workers.']
 ['#9News  9NEWS.COM.AU COVID-19 jabs could be mandatory for aged care workers']]"
4467899069924562,"[['Yesterday was Sydney‚Äôs coldest day in five years.']
 ['#9News  Yesterday was Sydney‚Äôs coldest day in five years.']
 ['#9News  9NEWS.COM.AU Sydney records coldest day in five years']]"
529709091395308,"[['#LIVE: Prime Minister Scott Morrison is addressing the media.']
 ['#9News  #LIVE: Prime Minister Scott Morrison is addressing the media.']
 ['#9News  Play Video']]"
4467758663271936,"[[""For years, China has quashed any discussion on the mainland of its bloody 1989 crackdown on pro-democracy protesters in Beijing's Tiananmen Square.""]
 [""Now it may be Hong Kong's turn.""]
 [""#9News  For years, China has quashed any discussion on the mainland of its bloody 1989 crackdown on pro-democracy protesters in Beijing's Tiananmen Square.""]
 [""#9News  9NEWS.COM.AU China's silencing of Tiananmen tributes extends to Hong Kong China's quashing of commemorations for the 1989 Tiananmen Square victims is extending to Hong Kong, which f...""]]"
4467650123282790,"[[""A new variant of COVID-19 has been identified in Melbourne's outbreak unrelated to all other cases thus far.""]
 [""#9News  A new variant of COVID-19 has been identified in Melbourne's outbreak unrelated to all other cases thus far.""]
 ['#9News  9NEWS.COM.AU New unseen coronavirus strain identified in Australia']]"
4467630566618079,"[['""I don\'t wear a mask.""']
 ['The 37-year-old woman allegedly refused to stop at the checkpoint and was pursued by police, with road spikes used to stop the car.']
 ['#9News  ""I don\'t wear a mask.""']
 [""#9News  9NEWS.COM.AU Covid sceptic's online rant before allegedly busting through border checkpoint A South Australian woman remains in custody tonight after allegedly driving through a border checkpoint at ...""]]"
4467511603296642,"[['With less than 50 days until the games, 10,000 unpaid volunteers have told organisers they will no longer participate.']
 ['#9News  With less than 50 days until the games, 10,000 unpaid volunteers have told organisers they will no longer participate.']
 ['#9News  WWOS.NINE.COM.AU Tokyo Games hit by mass last-minute staff boycott 10,000 workers pull out just weeks before Olympics']]"
4467429633304839,"[['JUST IN: Victoria has recorded four new local cases of COVID-19 in the past 24 hours - which are all linked.']
 ['It was another massive day of testing with 49,439 results received by the Department of Health.']
 ['DETAILS: http://9Soci.al/NvZH50F2zvN #COVID19 #9News  JUST IN: Victoria has recorded four new local cases of COVID-19 in the past 24 hours - which are all linked.']
 ['DETAILS: http://9Soci.al/NvZH50F2zvN  #COVID19 #9News']]"
4467408349973634,"[['Future mouse plagues could be cut off at the knees with new genetic controls being developed by Australian researchers.']
 ['#9News  Future mouse plagues could be cut off at the knees with new genetic controls being developed by Australian researchers.']
 ['#9News  9NEWS.COM.AU Cutting-edge science could stop next mouse plague before it starts']]"
4975827829094037,"[[""Facebook says its suspension of former US president Donald Trump's accounts will last for at least two years.""]
 ['7NEWS.COM.AU Facebook to SUSPEND Donald Trump‚Äôs accounts for two years']]"
4975777692432384,"[['Authorities are scrambling to determine how a family contracted a virus strain that has caused devastation in India and the UK.']
 ['7NEWS.COM.AU Victoria records new COVID cases as search for Delta strain source continues']]"
4975764159100404,"[['Dutch judges overseeing the MH17 murder trial of three Russians and a Ukrainian man will summarise evidence at a hearing next week.']
 ['7NEWS.COM.AU Families of those who died on flight MH17 prepare for key trial phase']]"
4975702279106592,"[['Their relationship is in tatters after the wife learned she‚Äôd been ‚Äòliving a lie‚Äô.']
 ['üìåMORE: 7news.link/3uUFpj4  Their relationship is in tatters after the wife learned she‚Äôd been ‚Äòliving a lie‚Äô.']
 ['üìåMORE: 7news.link/3uUFpj4']]"
4975645499112270,"[['National Cabinet is ‚Äòleaning heavily‚Äô towards the move in a bid to lower the risk of nursing home deaths.']
 ['7NEWS.COM.AU COVID vaccines could soon be MANDATORY for Aussie aged care staff']]"
4975581645785322,[['‚ÄúWhat sort of sorcery is this?‚Äù  ‚ÄúWhat sort of sorcery is this?‚Äù  7NEWS.COM.AU Aussie mum reveals secret dishwasher hack']]
4975545675788919,"[['A customer‚Äôs discovery has sparked an intense war of words on social media.']
 ['üìåMORE: 7news.link/2RrmCOQ  A customer‚Äôs discovery has sparked an intense war of words on social media.']
 ['üìåMORE: 7news.link/2RrmCOQ']]"
4975520069124813,"[['There are now 366 sites where exposure to the virus may have occurred.']
 ['7NEWS.COM.AU Shopping centre, office building and Costco among Melbourne‚Äôs new COVID exposure sites']]"
4975476689129151,"[['Megan was left unable to shower as it felt like acid was being poured on her skin.']
 ['7NEWS.COM.AU ‚ÄòLIVING HELL‚Äô: Woman‚Äôs face COVERED with excruciating lizard-like skin']]"
4975461725797314,"[['Two children have been gravely wounded after a bouncy castle exploded and flung them over a metal fence onto tram tracks.']
 ['7NEWS.COM.AU Horror scenes after bouncy castle EXPLODES with two little girls still inside']]"
4975423949134425,"[['NSW Police is investigating the clip shared widely on TikTok - which the force says is a selected excerpt from a longer conversation.']
 ['üìåMORE: 7news.link/2SU2BRe  NSW Police is investigating the clip shared widely on TikTok - which the force says is a selected excerpt from a longer conversation.']
 ['üìåMORE: 7news.link/2SU2BRe']]"
4974013485942138,"[[""A Melbourne artist whose credo seems to be 'never give up' has won Australia's richest art prize, the Archibald, after making the finals 6 times.""]
 [""His winning portrait is not just good, the subject says it's 'damned good'.""]
 ['7NEWS at 6pm.']
 [""www.7NEWS.com.au #Archibald #7NEWS  A Melbourne artist whose credo seems to be 'never give up' has won Australia's richest art prize, the Archibald, after making the finals 6 times.""]
 ['www.7NEWS.com.au  #Archibald #7NEWS  Play Video']]"
4973827715960715,"[['Authorities on two continents have stopped a record three tonne cocaine haul from hitting the streets of Australia - a consignment worth almost a $1 billion.']
 ['Three men have been arrested in a sting with‚Ä¶ More someone apparently gambling, or laundering, obscene amounts of money.']
 ['More Details: https://youtu.be/h0oYWfb1G8c 7NEWS at 6pm.']
 ['#Cocaine #7NEWS  Authorities on two continents have stopped a record three tonne cocaine haul from hitting the streets of Australia - a consignment worth almost a $1 billion.']
 ['Three men have been arrested in a sting with someone apparently gambling, or laundering, obscene amounts of money.']
 ['More Details: https://youtu.be/h0oYWfb1G8c  7NEWS at 6pm.']
 ['#Cocaine #7NEWS  Play Video']]"
4974421915901295,[['‚ÄòI thought it strange for news presenter Shaun Ley to wear this but there‚Äôs always a first time for everything.‚Äô  ‚ÄòI thought it strange for news presenter Shaun Ley to wear this but there‚Äôs always a first time for everything.‚Äô  7NEWS.COM.AU Camera catches BBC presenter‚Äôs unorthodox fashion choice under the news desk']]
4974383372571816,"[['It‚Äôs feared a deadly bacterial infection is already circulating among the area‚Äôs canine population.']
 ['7NEWS.COM.AU Urgent warning for pet owners in Sydney‚Äôs north after tragic dog death']]"
4974311755912311,"[['Health authorities are trying to determine whether a side effect impacting the heart of recipients of the COVID-19 vaccine is directly related to the jab.']
 ['7NEWS.COM.AU Health authorities scrambling on possible side effect of COVID jab in teenagers']]"
4974253235918163,"[['Witnesses have described seeing a light plane lose control and nosedive before crashing near Canberra, killing two men on board.']
 ['7NEWS.COM.AU Witnesses describe horror as plane carrying two ‚Äònosedives‚Äô in NSW']]"
4974190775924409,"[['The man began a relationship with the girl when she was just 14.']
 ['7NEWS.COM.AU Victorian man jailed for impregnating girl, 15, after ‚Äòinappropriate‚Äô relationship']]"
4974141465929340,"[['The player‚Äôs hotel room was searched on Thursday and they were arrested later that day.']
 ['7NEWS.COM.AU Tennis player ARRESTED at French Open over match-fixing allegations']]"
4973630809313739,"[['  Play Video 7NEWS Spotlight 21 hrs ¬∑ Sunrise‚Äôs Natalie Barr goes to the edge in this 7NEWS Spotlight special, revealing the highs and lows, twists and turns of the multi-billion-dollar global theme park industry.']
 ['From the Aussie coaster that‚Äôs as‚Ä¶ More old as the Titanic, to the newest, most hair-raising and death-defying contraptions on earth, meet the families who can‚Äôt get enough chasing the greatest thrill on earth, and the people whose lives were tragically and inextricably changed in an instant.']
 ['7NEWS Spotlight: Ride Of Your Life - Sunday at 7pm on Channel 7 and 7plus.']
 ['Play Video  7NEWS Spotlight 21 hrs ¬∑ Sunrise‚Äôs Natalie Barr goes to the edge in this 7NEWS Spotlight special, revealing the highs and lows, twists and turns of the multi-billion-dollar global theme park industry.']]"
4974114212598732,"[['Jessica Loh has spoken of how she felt ‚Äònumb, sick and empty‚Äô after the agonising tragedy.']
 ['MORE: 7news.link/3uRf59m  Jessica Loh has spoken of how she felt ‚Äònumb, sick and empty‚Äô after the agonising tragedy.']
 ['MORE: 7news.link/3uRf59m']]"
4974063152603838,"[['A statewide manhunt is underway after a near-naked man went on a violent rampage in Perth‚Äôs south.']
 ['7NEWS.COM.AU ‚ÄòLike a blood-soaked Terminator‚Äô: Cops taser wanted man FIVE TIMES but he still manages to escape']]"
4974042592605894,"[[""'Why am I still in this like, place where I‚Äôm stuck for years?'""]
 [""MORE: 7news.link/3fV0ENH  'Why am I still in this like, place where I‚Äôm stuck for years?'""]
 ['MORE: 7news.link/3fV0ENH']]"
4974009422609211,"[['The neighbour said he had been experiencing nightmares since the horrific incident.']
 ['7NEWS.COM.AU US mum fires multiple gunshots at neigbour‚Äôs pet dog - and hits her own son, 5, instead']]"
4973985425944944,[['It‚Äôs the phone call the wife of Queensland man Glen Bennett will never forget... MORE: 7news.link/2TIxXuz  It‚Äôs the phone call the wife of Queensland man Glen Bennett will never forget... MORE: 7news.link/2TIxXuz']]
4973957822614371,"[['‚ÄòI feel like a f****** failure, that it‚Äôs like, a third f****** marriage‚Äô.']
 ['7NEWS.COM.AU Kim Kardashian breaks down as she publicly addresses Kanye West divorce for the first time']]"
4973908169286003,"[['Some fans labelled the change ‚Äòrefreshing‚Äô - while others said ‚ÄòI don‚Äôt like it‚Äô.']
 ['MORE: 7news.link/3vMMFyK  Some fans labelled the change ‚Äòrefreshing‚Äô - while others said ‚ÄòI don‚Äôt like it‚Äô.']
 ['MORE: 7news.link/3vMMFyK']]"
4973852622624891,"[['Jessica Loh has spoken of how she felt ‚Äònumb, sick and empty‚Äô after the agonising tragedy.']
 ['7NEWS.COM.AU ‚ÄòI ran back in‚Äô: Pregnant wife‚Äôs final message to husband killed on way home for dinner']]"
4973827349294085,"[['It‚Äôs little Molly‚Äôs first visit to Brekky Central since she was born in December 2019.']
 ['MORE: 7news.link/3uKSifH  It‚Äôs little Molly‚Äôs first visit to Brekky Central since she was born in December 2019.']
 ['MORE: 7news.link/3uKSifH']]"
4973804779296342,"[['The tagged great white is being closely monitored by authorities as it moves along the coastline.']
 ['7NEWS.COM.AU Shark warning issued for all Perth beaches as great white spotted 12 TIMES']]"
4973784165965070,"[['The couple have been married for 23 years - but now their relationship is in tatters after the wife learned she‚Äôd been ‚Äòliving a lie‚Äô.']
 ['7NEWS.COM.AU ‚ÄòMy wife wants a divorce after a DNA test exposed our ‚Äòdisgusting‚Äô secret‚Äô']]"
4973757965967690,"[['Some fans labelled the change ‚Äòrefreshing‚Äô - while others said ‚ÄòI don‚Äôt like it‚Äô.']
 ['7NEWS.COM.AU Princess Charlene of Monaco unrecognisable as she debuts daring new look']]"
4973742469302573,"[['When a crew member asked for medical and security crew to attend a scene, guests thought it was all part of the night‚Äôs entertainment.']
 ['7NEWS.COM.AU How ‚Äòmurder mystery‚Äô show watched by cruise ship guests was actually brutal real-life killing']]"
4973713149305505,"[['The expert analysed the signatures of some of the senior royals, revealing their personality traits - and there are some big revelations.']
 ['7NEWS.COM.AU TO THE LETTER: Expert on what Harry and Meghan‚Äôs HANDWRITING says about them']]"
4973689069307913,"[['It‚Äôs the phone call the wife of Queensland man Glen Bennett will never forget...  It‚Äôs the phone call the wife of Queensland man Glen Bennett will never forget...  7NEWS.COM.AU Facing an agonising death Glen called his wife to say goodbye.']
 ['His story of courage will bring tears to your eyes']]"
4973663332643820,"[['NSW Police is investigating the clip shared widely on TikTok - which the force says is a selected excerpt from a longer conversation.']
 ['7NEWS.COM.AU Sydney man goes to police to report rape and films officer calling him ‚Äòdelusional‚Äô']]"
4973661772643976,"[['A longtime Queensland Maroons fan thought he was sitting pretty until he re-checked his Airbnb app.']
 ['7NEWS.COM.AU ‚ÄòDidn‚Äôt know whether to laugh or cry‚Äô: Airbnb host‚Äôs shocking Origin price gouge A longtime Queensland Maroons fan thought he was sitting pretty until he re-checked his Airbnb app.']]"
4973639202646233,"[['A customer‚Äôs discovery has sparked an intense war of words on social media.']
 ['7NEWS.COM.AU ‚ÄòThat‚Äôs discriminatory‚Äô: Woolworths shoppers‚Äô debate over tampon aisle find']]"
5613002598770001,"[['FACEBOOK SUSPENDS TRUMP UNTIL JANUARY 2023 Facebook has suspended former US President Donald Trump until at least January 2023.']
 [""The social media giant had suspended Trump's account the day after the January 6‚Ä¶ More Capitol Hill riots, determining he had incited violence.""]
 ['That suspension will now last at least two years from the date of the initial block and will only be lifted if the risk to public safety has receded, Facebook said on Friday.']
 ['‚ÄúGiven the gravity of the circumstances that led to Mr Trump‚Äôs suspension, we believe his actions constituted a severe violation of our rules which merit the highest penalty available under the new enforcement protocols,‚Äù Facebook Vice President of Global Affairs Nick Clegg said in a statement.']
 [""‚ÄúWe are suspending his accounts for two years, effective from the date of the initial suspension on January 7 this year.‚Äù Trump has been permanently banned by Twitter and remains suspended by Alphabet's YouTube after the riot.""]
 [""The social media giant had suspended Trump's account the day after the January 6 Capitol Hill riots, determining he had incited violence.""]
 [""‚ÄúWe are suspending his accounts for two years, effective from the date of the initial suspension on January 7 this year.‚Äù  Trump has been permanently banned by Twitter and remains suspended by Alphabet's YouTube after the riot.""]]"
5609933435743584,"[['BABY SQUID LAUNCHED INTO SPACE FOR ... SCIENCE?']
 ['Baby squid, tiny organisms known as tardigrades, chile plants, and cotton seedlings have been sent to the International Space Station for various studies.']
 ['‚Ä¶ More Astronauts and scientists will examine the tardigrades ability to live in extreme environments to better understand the stresses on the human body during long trips to space.']
 ['The baby bobtail squids have been sent for a study investigating the relationship between them and beneficial bacteria.']
 [""The 3,300 kg shipment to the space station also included fresh lemons, onions, avocados and cherry tomatoes for the station's seven astronauts.""]
 ['Astronauts and scientists will examine the tardigrades ability to live in extreme environments to better understand the stresses on the human body during long trips to space.']]"
5609715305765397,"[['Can a $1,000,000,000,000 debt help the economy?']
 [""Commonwealth Bank Senior Economist Belinda Allen and EY Australia Chief Economist Jo Masters explain on the 1st episode of the 'Making Money Easy' podcast with‚Ä¶ More Gillian Bowen Listen wherever you get your podcasts https://play.acast.com/s/making-money-easy/episode1-howapayrisewillhelptheeconomy-  Can a $1,000,000,000,000 debt help the economy?""]
 [""Commonwealth Bank Senior Economist Belinda Allen and EY Australia Chief Economist Jo Masters explain on the 1st episode of the 'Making Money Easy' podcast with Gillian Bowen  Listen wherever you get your podcasts https://play.acast.com/s/making-money-easy/episode1-howapayrisewillhelptheeconomy-  Play Video""]]"
5609668612436733,"[['National Cabinet has fallen short of making it mandatory for aged care workers to receive the #COVID19AU jab.']
 ['| @vanOnselenP #auspol  National Cabinet has fallen short of making it mandatory for aged care workers to receive the #COVID19AU jab.']
 ['| @vanOnselenP #auspol  Play Video']]"
5609327965804131,"[[""MIGHT NEED TO RETHINK YOUR WEEKEND PLANS AS TEMPERATURES SET TO DROP Hope you weren't planning on heading out this weekend, with temperatures to dip below 10 degrees in both Sydney and Melbourne.""]
 [""Sydneysiders‚Ä¶ More will wake to a chilly 10-degree start on Saturday, meanwhile, make sure you're rugged up for a 7-degree morning on Sunday.""]
 [""Melbourne should brace for an icy 4-degree Saturday morning, but that's expected to thaw to 9-degrees on Sunday.""]
 [""Melburnians won't just have to contend with the cold this weekend with showers also expected across Saturday and Sunday.""]
 [""MIGHT NEED TO RETHINK YOUR WEEKEND PLANS AS TEMPERATURES SET TO DROP  Hope you weren't planning on heading out this weekend, with temperatures to dip below 10 degrees in both Sydney and Melbourne.""]
 [""Sydneysiders will wake to a chilly 10-degree start on Saturday, meanwhile, make sure you're rugged up for a 7-degree morning on Sunday.""]]"
5609167939153467,"[['THE BURGERS ARE BETTER‚Ä¶ IN A FORKLIFT?']
 ['As we head into our second weekend in lockdown, some people are getting creative with their means of transportation.']
 ['A ravenous Victorian has been caught on camera taking‚Ä¶ More his forklift through a Hungry Jacks drive-through.']
 ['Have you seen any weird things like this, on the mean streets of Melbourne?']
 [""VIDEO: by @jonodabest *Note: It's illegal to drive a forklift outside the workplace on a public road, unless it is registered and has number plates, which this forklift has.""]
 ['A ravenous Victorian has been caught on camera taking his forklift through a Hungry Jacks drive-through.']
 [""VIDEO: by @jonodabest  *Note: It's illegal to drive a forklift outside the workplace on a public road, unless it is registered and has number plates, which this forklift has.""]
 ['Play Video']]"
5609052572498337,"[[""#BREAKING Melbourne artist Peter Wegner has won the 100th Archibald prize for his portrait of fellow artist Guy Warren, who's also 100.""]
 [""It was a case of sixth time lucky for Wegner, who beat out a field of 52‚Ä¶ More painters to win Australia's most prestigious prize in painting.""]
 ['Accepting the award in locked down Melbourne, Wegner said he was humbled to have the centenarian as his sitter.']
 ['""I would like to thank Guy Warren for sitting and his generosity of spirit.""']
 ['""It\'s so much easier if you\'ve got a great face.']
 [""And I think it's always easier if you have a great model.""]
 ['[With] Guy, it\'s been extremely lucky ‚Äî I have both.""']
 ['Yolngu artist Nyapanyapa Yunupingu, who lives and works in the Arnhem Land community of Yirrkala, won the Wynne Prize for landscape painting.']
 ['And Tasmanian-based painter Georgia Spain took out the Sulman Prize for subject painting.']
 [""It was a case of sixth time lucky for Wegner, who beat out a field of 52 painters to win Australia's most prestigious prize in painting.""]]"
5608679059202355,"[['NEW COVID VARIANT NAMES ANNOUNCED The World Health Organisation has renamed strains of COVID-19 that have been defined by their country of origin in order to minimise geographical stigmas.']
 ['The new variant naming scheme has assigned Greek letters to strains previously known as the Indian, U.K. or South African variants.']
 ['NEW COVID VARIANT NAMES ANNOUNCED  The World Health Organisation has renamed strains of COVID-19 that have been defined by their country of origin in order to minimise geographical stigmas.']]"
5605013209568940,"[['GIANT SINKHOLE THREATENS TO SWALLOW HOME IN MEXICO A huge sinkhole has appeared on farmland in central Mexico, threatening to swallow a nearby house.']
 ['It‚Äôs estimated to be around 20 metres deep and 60 metres‚Ä¶ More in diameter.']
 ['At this stage there are no reported injuries, but authorities have warned residents to stay away from the area.']
 ['The hole was reported by locals on Saturday.']
 ['GIANT SINKHOLE THREATENS TO SWALLOW HOME IN MEXICO  A huge sinkhole has appeared on farmland in central Mexico, threatening to swallow a nearby house.']
 ['It‚Äôs estimated to be around 20 metres deep and 60 metres in diameter.']
 ['Play Video']]"
5604744462929148,"[['Scott Morrison has announced a new emergency cash payment as millions of Victorians face another week in lockdown.']
 ['Play Video']]"
5604636849606576,"[['SUBARU RECALLS THOUSANDS OF CARS Subaru is recalling XVs from 2018-2019 and Foresters from 2019 after possible defects were discovered.']
 ['The rear stabiliser bracket bolts in the vehicle may not have been‚Ä¶ More tightened sufficiently during production, and could come loose or fall out while being used, Product Safety Australia says.']
 ['This could affect the driveshaft, sub-frame or brake pipe and could cause injury or death of vehicle occupants and/or other road users.']
 ['Owners of the over 38,000 affected vehicles will be contacted and asked to book their vehicles in to undergo the repair work, free of charge.']
 ['SUBARU RECALLS THOUSANDS OF CARS  Subaru is recalling XVs from 2018-2019 and Foresters from 2019 after possible defects were discovered.']
 ['The rear stabiliser bracket bolts in the vehicle may not have been tightened sufficiently during production, and could come loose or fall out while being used, Product Safety Australia says.']]"
5604088776328050,"[['GIRL AND BOY ARMED WITH GUNS IN STANDOFF WITH POLICE A boy, 12, and girl, 14, armed with an AK-47 and other guns have engaged in a shootout with police in the US, authorities say.']
 ['The girl was shot and‚Ä¶ More wounded, after the police in Florida said she aimed a shotgun at deputies.']
 ['The children had allegedly run away from a group home, broken into a private residence and began the shootout with police.']
 ['Police are expected to charge the pair.']
 ['GIRL AND BOY ARMED WITH GUNS IN STANDOFF WITH POLICE  A boy, 12, and girl, 14, armed with an AK-47 and other guns have engaged in a shootout with police in the US, authorities say.']
 ['The girl was shot and wounded, after the police in Florida said she aimed a shotgun at deputies.']
 [""This content isn't available at the moment When this happens, it's usually because the owner only shared it with a small group of people or changed who can see it, or it's been deleted.""]]"
5604042509666010,"[['BREAKING: Scott Morrison has announced a ""temporary COVID disaster payment"" for those who have work affected by lockdowns.']
 ['The payment is $500 a week for those who would work more than 20 hours a week and $325‚Ä¶ More for those who would work less.']
 ['""If a lockdown, as a result of a state public health order, continues in an area that is also defined by the chief officer of the Commonwealth, then we will be providing support for payments for those affected and those affected areas,"" the PM said.']
 ['The payment will be available to: - Australian residents and those permitted to work in Aus.']
 ['- Those over 17 - Those with liquid assets of less than $10,000 - Must not be receiving an income support payment or pandemic payment.']
 ['The payment is $500 a week for those who would work more than 20 hours a week and $325 for those who would work less.']]"
5603563209713940,"[[""BENJAMIN NETANYAHU, ISRAEL'S LONGEST-SERVING LEADER COULD SOON BE UNSEATED AS OPPOSITION MOVES TO FORM A COALITION Benjamin Netanyahu, Israel's longest-serving Prime Minister, could soon be removed from power‚Ä¶ More with the country's opposition leader saying he has successfully formed a coalition.""]
 ['Yair Lapid, head of the secular centrist Yesh Atid party, announced that he has formed a coalition with right-wing nationalist Naftali Bennet of the Yamina party.']
 ['The pair will take turns serving as PM, with Bennet to serve two years followed by Lapid for two years.']
 ['The coalition involved signing individual agreements with a total of seven parties.']
 ['Netanyahu, leader of the conservative Likud party, is currently on trial for criminal charges of fraud, bribery and breach of trust while in office, accusations he denies.']
 [""BENJAMIN NETANYAHU, ISRAEL'S LONGEST-SERVING LEADER COULD SOON BE UNSEATED AS OPPOSITION MOVES TO FORM A COALITION  Benjamin Netanyahu, Israel's longest-serving Prime Minister, could soon be removed from power with the country's opposition leader saying he has successfully formed a coalition.""]]"
5603243169745944,"[[""WE CAN'T BAIL OUT VICTORIA, SAYS TREASURER NSW Treasurer Dominic Perrottet says future generations will suffer if the federal government decides to bail out states that enter lockdown.""]
 ['Speaking to Today, he‚Ä¶ More said Australians would pay a ""significant economic cost"" if the Morrison government comes to the rescue of states battered by COVID-19 outbreaks.']
 ['‚ÄúThe money we spend will have to be paid off by our kids,‚Äù Perrottet said.']
 [""‚ÄúYes, let‚Äôs keep people safe and get the vaccination rolling out as quickly as possible and let‚Äôs be very conscious of the fact there are substantial economic impacts of lockdowns and the costs we spend today will be paid back for generations to come.‚Äù His call comes as the federal government finalises a deal to support workers who have lost pay in Victoria's lockdown.""]
 ['Speaking to Today, he said Australians would pay a ""significant economic cost"" if the Morrison government comes to the rescue of states battered by COVID-19 outbreaks.']
 [""‚ÄúYes, let‚Äôs keep people safe and get the vaccination rolling out as quickly as possible and let‚Äôs be very conscious of the fact there are substantial economic impacts of lockdowns and the costs we spend today will be paid back for generations to come.‚Äù  His call comes as the federal government finalises a deal to support workers who have lost pay in Victoria's lockdown.""]]"
5603215879748673,"[[""‚ÄúDO NOT TOUCH THAT BALL‚Äù A video from SA's Chief Public Health Officer Nicola Spurrier has gone viral.""]
 ['Can you see why?']
 ['Spurrier explained SA Health‚Äôs decision to grant an exemption for the Collingwood Magpies‚Ä¶ More to travel into SA for match ‚Äì and offered a safety tip for the punters.']
 ['The players won‚Äôt be allowed to come into any contact with any South Australians while they‚Äôre in SA, other than the Crows players.']
 ['As for keeping the crowds at the game safe, she‚Äôs told people to keep their hands to themselves if the ball does go their way.']
 [""‚ÄúIf you are at Adelaide Oval and the ball comes towards you, my advice to you is to duck and just do not touch that ball.‚Äù  ‚ÄúDO NOT TOUCH THAT BALL‚Äù A video from SA's Chief Public Health Officer Nicola Spurrier has gone viral.""]
 ['Spurrier explained SA Health‚Äôs decision to grant an exemption for the Collingwood Magpies to travel into SA for match ‚Äì and offered a safety tip for the punters.']
 ['‚ÄúIf you are at Adelaide Oval and the ball comes towards you, my advice to you is to duck and just do not touch that ball.‚Äù  Play Video']]"
5599934260076835,"[['#EXCLUSIVE: Tonight we can bring you the unbelievable story of a man who was brought back from the dead three times.']
 [""Peter Goes flatlined, but thanks to medics with a 'never say die' attitude, he's not only lived to tell the tale but is all set to walk out of hospital.""]
 ['Play Video']]"
5599862966750631,"[['Surprising new figures on the national economy: We are now back in even better shape as a nation than we were before the pandemic.']
 ['Play Video']]"
5599516880118573,"[['DOES YOUR PREMIER MAKE THE TOP 5?']
 ['Annastacia Palaszczuk‚Äôs salary is set to jump to $427,000 ‚Äî how does that compare to what your premier takes home?']
 ['Queensland Premier Palaszczuk‚Äôs pay rise of almost $30,000‚Ä¶ More was announced this week, with the upcoming increase to make her the second highest paid premier.']
 [""Victoria's Daniel Andrews lands the top spot, with SA's Steven Marshall taking out third place, NSW's Gladys Berejiklian landing in fourth and WA's Mark McGowan rounding out the top five.""]
 [""The ACT's Andrew Barr, NT's Michael Gunner and Tasmania's Peter Gutwein earn the least, in that order, all with a salary between $301,000 and $354,000.""]
 ['Queensland Premier Palaszczuk‚Äôs pay rise of almost $30,000 was announced this week, with the upcoming increase to make her the second highest paid premier.']]"
5599331656803762,"[[""‚úàÔ∏è FEEL FREE TO RECLINE We've been given a look at the newest ideas in aviation innovation, including an unconventional double-decker seat configuration.""]
 ['The concept was drawn up by 21-year-old design student‚Ä¶ More Alejandro N√∫√±ez Vicente, and shortlisted in the student category of the Crystal Cabin Awards.']
 ['Luggage would be stored under the staggered seats in compartments, instead of in the traditional overhead lockers.']
 [""It's also been suggested the design increases COVID safety by creating more distance between passengers.""]
 ['Would you prefer these seats?']
 ['The concept was drawn up by 21-year-old design student Alejandro N√∫√±ez Vicente, and shortlisted in the student category of the Crystal Cabin Awards.']]"
5598946590175602,"[['BREAKING: Melbourne will remain in lockdown for an additional 7 days, but restrictions are set to ease for regional Victoria from tomorrow night.']
 [""Melburnians will also be barred from travelling to regional‚Ä¶ More Victoria during the Queen's Birthday long weekend.""]
 ['There have been some changes to the rules, with students in years 11 and 12 allowed to return to school, and some workers including landscapers allowed to return to work.']
 [""Melburnians will also be barred from travelling to regional Victoria during the Queen's Birthday long weekend.""]]"
5598634933540101,"[[""ULURU FROM ORBIT One of Australia's biggest and most iconic attractions is hard to miss ‚Äî even from space.""]
 ['The sacred site has been captured from orbit in the latest image shared by French astronaut Thomas‚Ä¶ More Pasquet, who often shares his views of our world from above.']
 ['Pasquet wrote that he could see the awe-inspiring rock ""glowing in different lighting"" from space, with ""a sunrise or sunset"" changing its tone.']
 ['The sacred site has been captured from orbit in the latest image shared by French astronaut Thomas Pasquet, who often shares his views of our world from above.']]"
5598505590219702,"[[""POACHER EVADED POLICE FOR DECADES A notorious poacher nicknamed 'Tiger Habib' is accused of killing up to 70 endangered Bengal tigers.""]
 ['Bangladesh police say Habib Talukder fled his hunting ground whenever‚Ä¶ More officers raided the area, but he was finally brought into custody after a tip-off.']
 ['Talukder is infamous for hunting the dwindling population of big cats, with local conservationists now breathing a sigh of relief.']
 ['Bangladesh police say Habib Talukder fled his hunting ground whenever officers raided the area, but he was finally brought into custody after a tip-off.']]"
5598295803574014,"[[""TEEN FENDS OFF HUGE BEAR TO SAVE HER DOGS A California teen has used superhuman strength to shove a bear and save her dogs' lives.""]
 ['CCTV posted to TikTok shows Hailey Morinico, 17, rushing out to her backyard‚Ä¶ More after seeing a large brown bear taking swipes at her furry friends.']
 ['She gave the apex predator an almighty push, which toppled it over the wall, before herding her pets inside.']
 ['She later said that seeing bears in her backyard over the American summer was ""actually really normal"".']
 ['""I go over to the bear, I look it in the eyes and the first thing I think to do is push it... Push a bear, push an apex predator, man,"" she said.']
 ['What would you do if this was your dog?']
 ['CCTV posted to TikTok shows Hailey Morinico, 17, rushing out to her backyard after seeing a large brown bear taking swipes at her furry friends.']
 ['Play Video']]"
5595827927154135,"[['BREAKING  BREAKING  10 News First Sydney 1 June at 21:15 ¬∑ #BREAKING: INFECTIOUS COVID CASE WAS IN NSW NSW Health has issued an urgent alert after a confirmed positive COVID-19 case from Melbourne visited regional NSW while infectious.']
 ['The person visited several‚Ä¶ More locations in and around Jervis Bay and in Southern NSW between May 23 and May 24.']
 [""Anyone who visited these venues at the listed times must get tested and isolate until further notice: - Shell Coles Express Big Merino, Goulburn (May 24, 10-11.30am) - Trapper's Bakery, Goulburn (May 24, 10.30-11.30am) - Cooked Goose Cafe, Hyams Beach (May 23, 10am-12pm) - Green Patch campground, Booderee National Park, Jervis Bay (May 23, all day AND May 24, until 9am) - Coles Vincentia Shopping Village, Vincentia (May 23, 10-10.20am) NSW Health says anyone with even the mildest symptoms in Jervis Bay should get tested immediately.""]
 [""It's expected the list of potential exposure sites will grow as NSW Health officials continue their investigations.""]
 ['10 News First Sydney 1 June at 21:15 ¬∑ #BREAKING: INFECTIOUS COVID CASE WAS IN NSW NSW Health has issued an urgent alert after a confirmed positive COVID-19 case from Melbourne visited regional NSW while infectious.']]"
5594867330583528,"[['üîä WHAT DO YOU HEAR?']
 [""Remember the 'Yanny or Laurel' debate?""]
 [""Well, here's a brand new audio 'illusion' sparking disagreements on the internet.""]
 [""The difference in which word we hear in similar viral clips has been‚Ä¶ More put down to the listener's age, with our ears losing high-frequency sensitivity as we get older.""]
 ['The words on the screen can also influence our perception, as focusing on one word can condition our brains to expect a certain acoustic pattern.']
 ['So, what do you hear?']
 [""The difference in which word we hear in similar viral clips has been put down to the listener's age, with our ears losing high-frequency sensitivity as we get older.""]
 ['Play Video']]"
5594703943933200,"[['WANT BETTER SLEEP?']
 [""JUST ADD LETTUCE People who find themselves wide awake at 2am, this one's for you.""]
 ['A TikTok user has shared a surprise remedy to help people hit the hay in a flash: Lettuce water.']
 ['According‚Ä¶ More to the video, insomniacs should steep lettuce leaves in a cup of boiling water, before taking them out and drinking the tea-like drink left behind.']
 ['Lettuce contains high amounts of lactucarium, a substance that helps people feel drowsy and relaxed.']
 ['So it may actually work.']
 ['Goodnight.']
 ['According to the video, insomniacs should steep lettuce leaves in a cup of boiling water, before taking them out and drinking the tea-like drink left behind.']
 ['Play Video']]"
5595157613887833,"[['The cost of a life-changing migraine drug has today dropped from nearly $300 to just $41 per dose, giving cheaper relief to tens of thousands of patients.']
 [""But there's concern some people who suffer may still have to pay full price.""]
 ['Play Video']]"
5595076890562572,"[['What does the Federal Minister in charge of aged care have to say about the bungled COVID-19 vaccine rollout?']
 [""Precious little, according to today's display in Canberra.""]
 ['Play Video']]"
5594886240581637,"[['OSAKA SPARKS CONVERSATION ON MENTAL HEALTH Naomi Osaka has made headlines for pulling out of the French Open.']
 [""But after revealing a long battle with anxiety and depression, she's shone a spotlight on the‚Ä¶ More pressure professional athletes are under, and how major competitions treat their stars' mental health.""]
 ['French Open organisers had threatened to default the reigning US Open and Australian Open champion in the wake of her decision to boycott post-match press conferences, which she said fuelled ""waves of anxiety"".']
 ['""Anyone that knows me knows I\'m introverted, and anyone that has seen me at the tournaments will notice that I\'m often wearing headphones as that helps dull my social anxiety,"" Osaka said in a statement.']
 [""Do you hope Osaka's move will spark positive change?""]
 [""But after revealing a long battle with anxiety and depression, she's shone a spotlight on the pressure professional athletes are under, and how major competitions treat their stars' mental health.""]
 ['Play Video']]"
5594608793942715,"[[""CHINA REPORTS BIRD FLU CASE China's National Health Commission says a man in the eastern Jiangsu province has contracted the bird flu.""]
 ['The case is reportedly infected with the H10N3 strain of the avian‚Ä¶ More influenza, which the Commission says has never been reported in a human.']
 ['According to Australia\'s Department of Agriculture, there is ""only the most remote possibility of a human pandemic influenza developing in Australia as a result of migratory birds carrying avian influenza"".']
 ['The case is reportedly infected with the H10N3 strain of the avian influenza, which the Commission says has never been reported in a human.']]"
5594429547293973,"[[""FAMILY WITHOUT ANSWERS YEARS ON It's been two years since Belgian backpacker Theo Hayez vanished on a night out in NSW tourist hotspot Byron Bay.""]
 ['Hayez was last seen leaving the Cheeky Monkeys bar on 31 May‚Ä¶ More 2019, his phone later emitting a signal near the famous lighthouse.']
 [""His family and a group of Byron locals have never given up searching for the 18-year-old, his father now planning a return to Australia ahead of November's Coroner's hearing.""]
 ['Laurent Hayez made a devastating plea when he first arrived in the country following his son\'s 2019 disappearance, ""Before I left Belgium I promised Theo\'s little brother Lucas that I would bring his brother home.']
 ['Please, help me keep my promise to him.""']
 ['Hayez was last seen leaving the Cheeky Monkeys bar on 31 May 2019, his phone later emitting a signal near the famous lighthouse.']
 ['Play Video']]"
1056176971457344,"[[""Victoria's COVID-19 Crisis: Cluster grows to 54 as nine cases recorded today - 3 new cases and 6 that were announced yesterday.""]
 ['The Minister for Health Martin Foley, Minister for Disability, Ageing and Carers‚Ä¶ More Luke Donnellan, and COVID-19 Commander Jeroen Weimar are providing a daily update.']
 [""*audio will start when the press conference begins ##COVID19 #covid19vic  Victoria's COVID-19 Crisis: Cluster grows to 54 as nine cases recorded today - 3 new cases and 6 that were announced yesterday.""]
 ['The Minister for Health Martin Foley, Minister for Disability, Ageing and Carers Luke Donnellan, and COVID-19 Commander Jeroen Weimar are providing a daily update.']
 ['*audio will start when the press conference begins ##COVID19 #covid19vic  Play Video']]"
5593935247343403,"[[""AUSSIES STILL NOT ALLOWED TO LEAVE Australia's international travel ban has been upheld after a legal challenge in the Federal Court failed.""]
 [""Rightwing think-tank Libertyworks argued the government didn't have‚Ä¶ More the power to impose a blanket ban on Australians leaving the country under the Biosecurity Act.""]
 ['The group said the measure infringed on the ""free choice"" of Australians, despite more than 140,000 citizens being granted the chance to leave Australia under exceptional circumstances.']
 [""It's the fourth legal challenge against COVID-19 restrictions to fail since the beginning of the pandemic.""]
 [""Rightwing think-tank Libertyworks argued the government didn't have the power to impose a blanket ban on Australians leaving the country under the Biosecurity Act.""]]"
5593826734020921,"[['AUSSIES OUT OF WORK More than 50,000 Australians have lost their jobs since the end of JobKeeper payments in March, the Treasury Secretary says.']
 ['The temporary JobKeeper wage subsidy scheme allowed employers‚Ä¶ More affected by the pandemic to claim payments to help keep their workers in a job.']
 [""It wasn't all bad news today, with Treasury Secretary Dr Steven Kennedy also saying unemployment is expected to be at 5 per cent by June 2022, down from the current rate of 5.5 per cent.""]
 ['Underemployment, meanwhile, is currently sitting at 7.8 per cent, with many casual and part-time workers wanting more hours.']
 ['The temporary JobKeeper wage subsidy scheme allowed employers affected by the pandemic to claim payments to help keep their workers in a job.']]"
5590774784326116,"[['CHINA ANNOUNCES THREE-CHILD POLICY China‚Äôs government has announced that it will allow each couple to have up to three children, in a bid to reverse an ageing population.']
 ['The decision to put an end to its‚Ä¶ More strict two-child policy was announced today after the change was approved during a Politburo meeting, news agency Xinhua reports.']
 ['Earlier this month, China‚Äôs census showed the population grew at its slowest rate in the last decade, since the 1950‚Äôs.']
 ['The decision to put an end to its strict two-child policy was announced today after the change was approved during a Politburo meeting, news agency Xinhua reports.']]"
5590522977684630,"[['Scott Morrison has held talks with New Zealand Prime Minister Jacinda Ardern, covering everything from Covid-19 and the trans-Tasman travel bubble, to relations with China.']
 [""It wasn't all smiles, with Ms Ardern again slamming Australia's deportation policy.""]
 ['Play Video']]"
5590477867689141,"[['Former Attorney General Christian Porter has claimed vindication after dropping his defamation case against the ABC.']
 ['The public broadcaster says no damages will be paid.']
 ['Play Video']]"
4891883050839029,"[['The easiest pancake recipe in the world!']
 ['http://bit.ly/2rBBuIj  The easiest pancake recipe in the world!']
 ['http://bit.ly/2rBBuIj  This video format is not currently supported on the mobile site.']]"
4894563310571003,"[[""He's asked the internet if he will be the 'bad guy' if he leaves her explaining that ‚Äúsex will be a challenge‚Äù.""]
 ['NEWS.COM.AU Man hesitant to marry paraplegic fiance']]"
4894547370572597,"[[""JUST IN  JUST IN  NEWS.COM.AU Victoria's COVID-19 outbreak grows to 69 cases""]]"
4894517650575569,"[['The royal family now faces a brief window that could change everything.']
 ['NEWS.COM.AU Crucial three weeks for Prince Harry and Prince William']]"
4894478780579456,"[['Thongs have never looked so chic.']
 ['NEWS.COM.AU Lara Worthington stuns in leather at Fashion Week']]"
4894444343916233,"[['Cathy Boone was living in a homeless shelter before her death in January last year, despite having a huge amount of money waiting for her.']
 ['Full story: http://newscomau.org/HomelessWoman  Cathy Boone was living in a homeless shelter before her death in January last year, despite having a huge amount of money waiting for her.']
 ['Full story: http://newscomau.org/HomelessWoman']]"
4894409883919679,"[['An urgent search is now taking place across the state.']
 ['NEWS.COM.AU Alarming Covid variant has Victoria on edge']]"
4894371510590183,"[['Snow in Queensland!']
 ['‚õ∑Ô∏è  Snow in Queensland!']
 ['‚õ∑Ô∏è  NEWS.COM.AU ‚ÄòRemarkable, significant‚Äô polar weather event set to hit A ‚Äúsignificant weather event‚Äù is stirring that could see Australia‚Äôs south and east plunged into a full-on winter maelstrom of driving rain, flooding, pounding snow and plummeting temperatures.']]"
4894354440591890,"[['In COVID-free Sydney, residents are focused back on the real battles.']
 ['NEWS.COM.AU Garbage bin fight sparks heated debate between neighbours']]"
4894317093928958,"[[""If it ain't woke, don't fix it.""]
 ['NEWS.COM.AU Bonds‚Äô ‚Äògenderless‚Äô range is the ultimate answer to a question nobody asked']]"
4894278703932797,"[['‚ÄúIt was skimmed over (at school), which is why so many people are so ‚Äì I don‚Äôt want to say ignorant ‚Äì but just unaware.""']
 ['NEWS.COM.AU Aussie TV host will never forget her ‚Äòshameful‚Äô mistake']]"
4894241317269869,"[['The bold statements and bikini shots hid a sad truth.']
 ['NEWS.COM.AU Naomi Osaka‚Äôs troubling transformation from awkward teen to global icon']]"
4894205010606833,"[['Got milk?']
 ['NEWS.COM.AU ‚ÄòPlayers will do anything‚Äô: Tigers stars called out amid NRL crackdown']]"
4894160253944642,"[['True love finds a way.']
 ['NEWS.COM.AU Bernard Tomic apologises to ‚Äòwife‚Äô after footage investigated by police']]"
4893203704040297,"[[""It's been 357-days since the Penrith Panthers last lost a regular season NRL game.""]
 ['NEWS.COM.AU Wests Tigers do the unthinkable']]"
4893154190711915,"[['This is far from ideal for one of the games of the season.']
 ['NEWS.COM.AU Fans cringe at AFL Covid ‚Äòfarce‚Äô']]"
4893103830716951,"[['""‚ÄòYou are going to be the greatest father to our child‚Äô.']
 ['My heart sank.']
 ['I literally threw up in the bed.""']
 [""KIDSPOT.COM.AU 'He had an affair with my son‚Äôs teacher - now she's pregnant and so am I'""]]"
4892960834064584,"[[""Tell 'em, Judy!""]
 ['NEWS.COM.AU ‚ÄòDisrespected‚Äô Judge Judy slams network']]"
4892920194068648,"[[""After violently beating his wife in front of their daughters, he'll spend decades behind bars.""]
 ['NEWS.COM.AU Man jailed for wife‚Äôs cruise ship murder']]"
4891640940863240,"[['Air-fryer haloumi popcorn with maple hot sauce!']
 [""Here's the recipe: http://newscomau.org/AirFryerHaloumi  Air-fryer haloumi popcorn with maple hot sauce!""]
 [""Here's the recipe: http://newscomau.org/AirFryerHaloumi  Play Video""]]"
4892834377410563,"[['The Adelaide Crows have requested an investigation into allegations that staff and players broke Australian Covid-19 laws on Sunday.']
 ['NEWS.COM.AU AFL club embroiled in alleged Covid breach']]"
4892794127414588,"[['The 12-year-old and 14-year-old broke out of a children‚Äôs home only to open fire on police.']
 ['NEWS.COM.AU Shock video shows kids firing on cops']]"
4892751344085533,"[['A classic case of ‚ÄòInsta vs. Reality‚Äô has emerged online, after an influencer was caught out by fans while appearing to fly business class.']
 ['Details: http://newscomau.org/InstaVReality  A classic case of ‚ÄòInsta vs. Reality‚Äô has emerged online, after an influencer was caught out by fans while appearing to fly business class.']
 ['Details: http://newscomau.org/InstaVReality']]"
4892710224089645,"[['A woman neglected her pets so badly that a starving husky was left desperate.']
 ['This is just so cruel!']
 ['üò≠  A woman neglected her pets so badly that a starving husky was left desperate.']
 ['üò≠  NEWS.COM.AU Starving dog forced to eat corpse']]"
4892666794093988,[['‚ÄúI knew in my mind he hadn‚Äôt survived.‚Äù  ‚ÄúI knew in my mind he hadn‚Äôt survived.‚Äù  NEWS.COM.AU Tragic text to fiance before horror crash']]
4891891590838175,"[['You can now get bin chicken slippers and take my money.']
 ['Play Video']]"
4892585010768833,"[['Cathy Boone was living in a homeless shelter despite having a huge amount of money waiting for her.']
 ['NEWS.COM.AU Homeless woman dies with $1.1 million in bank']]"
4892546147439386,"[['And health officials seem to be turning a blind eye to it.']
 ['NEWS.COM.AU Sneaky way people are jumping vaccine queue']]"
4892507874109880,"[['‚ÄúI‚Äôve always protected her.']
 ['I feel responsible even though there was nothing I could have done that day.‚Äù  ‚ÄúI‚Äôve always protected her.']
 ['I feel responsible even though there was nothing I could have done that day.‚Äù  NEWS.COM.AU Woman mauled by dog taken in to help her']]"
4892469760780358,"[['She says ""jealous women"" reported her for being ""too hot"".']
 ['NEWS.COM.AU Twitter bans woman for being ‚Äòtoo hot‚Äô']]"
4892433687450632,"[['Murray Blackmore has revealed what life looks like in a polygamist commune, and the internet has questions.']
 [""NEWS.COM.AU 'I have 150 siblings on my dad's side and i'm about to have 151'""]]"
4879834805377187,"[['This Sydney pet owner has been ""training"" her cat on how to handle the mouse plague.']
 ['üò¨  This Sydney pet owner has been ""training"" her cat on how to handle the mouse plague.']
 ['üò¨  Play Video']]"
4892363757457625,"[['Crikey!']
 ['üêä  Crikey!']
 ['üêä  NEWS.COM.AU Horror photo of croc at popular beach']]"
4892321607461840,"[['‚ÄúI can\'t do this anymore, I feel like a f***ing loser"".']
 [""NEWS.COM.AU Kim Kardashian breaks down on-air over marriage 'failure'""]]"
4892285804132087,"[[""It's believed the native birds died after eating mouse baits targeting NSW's mouse plague.""]
 ['Just heartbreaking.']
 [""üò≠  It's believed the native birds died after eating mouse baits targeting NSW's mouse plague.""]
 ['üò≠  NEWS.COM.AU Horror as hundreds of galahs found dead']]"
4892250184135649,"[['When it comes to managing the pandemic, Australia is a victim of its own success.']
 ['NEWS.COM.AU Australia embarrassingly behind the world']]"
4892211714139496,"[['Americans are making endless videos of the culture shocks they get when moving to Australia, but there‚Äôs one that‚Äôs really left them baffled.']
 ['Details: http://newscomau.org/AussieRitual  Americans are making endless videos of the culture shocks they get when moving to Australia, but there‚Äôs one that‚Äôs really left them baffled.']
 ['Details: http://newscomau.org/AussieRitual']]"
4879794382047896,[['I think this person loves McDonalds a bit too much... üò¨  I think this person loves McDonalds a bit too much... üò¨  Play Video']]
